-- phpMyAdmin SQL Dump
-- version 4.8.3
-- https://www.phpmyadmin.net/
--
-- Host: 127.0.0.1
-- Generation Time: Nov 10, 2018 at 10:35 AM
-- Server version: 10.1.36-MariaDB
-- PHP Version: 7.2.11

SET SQL_MODE = "NO_AUTO_VALUE_ON_ZERO";
SET AUTOCOMMIT = 0;
START TRANSACTION;
SET time_zone = "+00:00";


/*!40101 SET @OLD_CHARACTER_SET_CLIENT=@@CHARACTER_SET_CLIENT */;
/*!40101 SET @OLD_CHARACTER_SET_RESULTS=@@CHARACTER_SET_RESULTS */;
/*!40101 SET @OLD_COLLATION_CONNECTION=@@COLLATION_CONNECTION */;
/*!40101 SET NAMES utf8mb4 */;

--
-- Database: `codeforgood18`
--

-- --------------------------------------------------------

--
-- Table structure for table `feedback`
--

CREATE TABLE `feedback` (
  `FeedbackId` int(11) NOT NULL,
  `SessionId` int(11) NOT NULL,
  `Value` varchar(20) NOT NULL,
  `Description` text NOT NULL,
  `CreationTime` datetime NOT NULL
) ENGINE=InnoDB DEFAULT CHARSET=latin1;

-- --------------------------------------------------------

--
-- Table structure for table `keywords`
--

CREATE TABLE `keywords` (
  `KeywordId` int(11) NOT NULL,
  `ResponseId` int(11) NOT NULL,
  `Word` varchar(20) NOT NULL,
  `CreationTime` datetime NOT NULL
) ENGINE=InnoDB DEFAULT CHARSET=latin1;

--
-- Dumping data for table `keywords`
--

INSERT INTO `keywords` (`KeywordId`, `ResponseId`, `Word`, `CreationTime`) VALUES
(5, 66, 'online', '2018-11-10 03:46:51'),
(6, 66, 'privacy', '2018-11-10 03:46:55'),
(7, 66, 'internet', '2018-11-10 03:47:12'),
(8, 66, 'passwords', '2018-11-10 03:48:05'),
(9, 66, 'chat', '2018-11-10 03:48:18'),
(10, 67, 'anorexia', '2018-11-10 03:50:13'),
(11, 67, 'isolating', '2018-11-10 03:50:39'),
(12, 67, 'illness', '2018-11-10 03:50:46'),
(13, 67, 'mental', '2018-11-10 03:50:51'),
(14, 67, 'fat', '2018-11-10 03:51:02'),
(15, 68, 'mental', '2018-11-10 03:51:50'),
(16, 68, 'healt', '2018-11-10 03:52:00'),
(17, 68, 'work', '2018-11-10 03:52:06'),
(18, 68, 'anxious', '2018-11-10 03:52:17'),
(19, 69, 'depersonalisation', '2018-11-10 03:53:02'),
(20, 69, 'overcame', '2018-11-10 03:53:07'),
(21, 69, 'drugs', '2018-11-10 03:53:23'),
(22, 69, 'Meditation', '2018-11-10 03:53:53'),
(23, 70, 'mental', '2018-11-10 03:54:55'),
(24, 70, 'pain', '2018-11-10 03:55:01'),
(25, 70, 'mentality', '2018-11-10 03:55:13'),
(26, 70, 'scars', '2018-11-10 03:55:27'),
(27, 70, 'ashamed', '2018-11-10 03:55:39'),
(28, 70, 'yourself', '2018-11-10 03:56:07'),
(29, 71, 'disorders', '2018-11-10 03:56:49'),
(30, 71, 'misconceptions', '2018-11-10 03:56:56'),
(31, 71, 'struggles', '2018-11-10 03:57:02'),
(32, 71, 'believe', '2018-11-10 03:57:11'),
(33, 71, 'yourself', '2018-11-10 03:57:16'),
(34, 72, 'body', '2018-11-10 03:58:06'),
(35, 72, 'acceptance', '2018-11-10 03:58:14'),
(36, 72, 'confidence', '2018-11-10 03:58:30'),
(37, 72, 'feel', '2018-11-10 03:58:45'),
(38, 73, 'anxiety', '2018-11-10 03:59:19'),
(39, 73, 'mindreader', '2018-11-10 03:59:35'),
(40, 73, 'social', '2018-11-10 04:00:06'),
(41, 74, 'university', '2018-11-10 04:00:58'),
(42, 74, 'worried', '2018-11-10 04:01:07'),
(43, 74, 'backwards', '2018-11-10 04:01:19'),
(44, 75, 'hope', '2018-11-10 04:01:58'),
(45, 75, 'violence', '2018-11-10 04:02:05'),
(46, 75, 'sexual', '2018-11-10 04:02:12'),
(47, 75, 'trauma', '2018-11-10 04:03:29'),
(48, 76, 'start', '2018-11-10 06:39:15'),
(49, 76, 'begin', '2018-11-10 06:39:20'),
(50, 76, 'introduction', '2018-11-10 06:39:31'),
(51, 76, 'first', '2018-11-10 06:39:36'),
(52, 77, 'welcome', '2018-11-10 06:40:28'),
(53, 77, 'yourself', '2018-11-10 06:41:01'),
(54, 78, 'info', '2018-11-10 06:42:14'),
(55, 78, 'how', '2018-11-10 06:43:12'),
(56, 78, 'use', '2018-11-10 06:43:16'),
(57, 79, 'anything', '2018-11-10 06:44:16'),
(58, 79, 'stuff', '2018-11-10 06:44:22'),
(59, 79, 'this', '2018-11-10 06:44:38'),
(60, 79, 'that', '2018-11-10 06:44:42'),
(61, 79, 'community', '2018-11-10 06:44:55'),
(62, 79, 'chat', '2018-11-10 06:45:58'),
(63, 79, 'debate', '2018-11-10 06:46:02'),
(64, 80, 'chat', '2018-11-10 06:46:48'),
(65, 80, 'debate', '2018-11-10 06:46:52'),
(66, 80, 'announcement', '2018-11-10 06:47:25'),
(67, 80, 'announcements', '2018-11-10 06:47:28'),
(68, 81, 'chat', '2018-11-10 06:48:35'),
(69, 81, 'debate', '2018-11-10 06:48:38'),
(70, 81, 'politics', '2018-11-10 06:49:16'),
(71, 82, 'chat', '2018-11-10 06:50:14'),
(72, 82, 'debate', '2018-11-10 06:50:18'),
(73, 82, 'travel', '2018-11-10 06:50:29'),
(74, 82, 'challange', '2018-11-10 06:51:13'),
(75, 82, 'free', '2018-11-10 06:51:22'),
(76, 83, 'support', '2018-11-10 06:52:30'),
(77, 83, 'health', '2018-11-10 06:53:18'),
(78, 83, 'wellbeing', '2018-11-10 06:53:32'),
(79, 84, 'sex', '2018-11-10 06:55:14'),
(80, 84, 'support', '2018-11-10 06:55:25'),
(81, 84, 'relationship', '2018-11-10 06:55:55'),
(82, 84, 'breakup', '2018-11-10 06:56:55');

-- --------------------------------------------------------

--
-- Table structure for table `messages`
--

CREATE TABLE `messages` (
  `MessageId` int(11) NOT NULL,
  `SessionId` int(11) NOT NULL,
  `Value` text NOT NULL,
  `CreationTime` datetime NOT NULL,
  `UserId` int(11) NOT NULL
) ENGINE=InnoDB DEFAULT CHARSET=latin1;

--
-- Dumping data for table `messages`
--

INSERT INTO `messages` (`MessageId`, `SessionId`, `Value`, `CreationTime`, `UserId`) VALUES
(1, 1, 'Test', '2018-11-10 01:35:02', 0),
(2, 28, 'Hi, I am Sam!', '2018-11-10 03:10:13', 0),
(3, 28, 'How can I help you?', '2018-11-10 03:10:13', 0),
(4, 29, 'Hi, I am Sam!', '2018-11-10 03:11:22', 0),
(5, 29, 'How can I help you?', '2018-11-10 03:11:31', 0),
(6, 30, 'Hi, I am Sam!', '2018-11-10 03:12:51', 0),
(7, 30, 'How can I help you?', '2018-11-10 03:12:51', 0),
(8, 31, 'Hi, I am Sam!', '2018-11-10 03:15:25', 0),
(9, 31, 'How can I help you?', '2018-11-10 03:15:25', 0),
(10, 32, 'Hi, I am Sam!', '2018-11-10 03:16:49', 0),
(11, 32, 'How can I help you?', '2018-11-10 03:16:49', 0),
(12, 33, 'Hi, I am Sam!', '2018-11-10 03:17:10', 0),
(13, 33, 'How can I help you?', '2018-11-10 03:17:11', 0),
(14, 34, 'Hi, I am Sam!', '2018-11-10 03:19:29', 0),
(15, 34, 'How can I help you?', '2018-11-10 03:19:29', 0),
(16, 41, 'Hi, I am Sam!', '2018-11-10 03:31:19', 0),
(17, 41, 'How can I help you?', '2018-11-10 03:31:19', 0),
(18, 42, 'Hi, I am Sam!', '2018-11-10 03:34:10', 0),
(19, 42, 'How can I help you?', '2018-11-10 03:34:11', 0),
(20, 43, 'Hi, I am Sam!', '2018-11-10 03:34:25', 0),
(21, 43, 'How can I help you?', '2018-11-10 03:34:25', 0),
(22, 45, 'Hi, I am Sam!', '2018-11-10 03:41:16', 0),
(23, 45, 'How can I help you?', '2018-11-10 03:41:16', 0),
(24, 46, 'Hi, I am Sam!', '2018-11-10 03:41:55', 0),
(25, 46, 'How can I help you?', '2018-11-10 03:41:55', 0),
(26, 47, 'Hi, I am Sam!', '2018-11-10 03:42:34', 0),
(27, 47, 'How can I help you?', '2018-11-10 03:42:35', 0),
(28, 48, 'Hi, I am Sam!', '2018-11-10 03:42:35', 0),
(29, 48, 'How can I help you?', '2018-11-10 03:42:35', 0),
(30, 49, 'Hi, I am Sam!', '2018-11-10 03:43:41', 0),
(31, 49, 'How can I help you?', '2018-11-10 03:43:41', 0),
(32, 50, 'Hi, I am Sam!', '2018-11-10 03:43:54', 0),
(33, 50, 'How can I help you?', '2018-11-10 03:43:54', 0),
(34, 51, 'Hi, I am Sam!', '2018-11-10 03:54:40', 0),
(35, 51, 'How can I help you?', '2018-11-10 03:54:40', 0),
(36, 51, 'Hi!', '2018-11-10 03:54:49', 61),
(37, 51, 'My name is Eminem', '2018-11-10 03:55:02', 61),
(38, 1642529807, 'Hi, I am Sam!', '2018-11-10 04:01:25', 0),
(39, 1642529807, 'How can I help you?', '2018-11-10 04:01:25', 0),
(40, 1642529807, 'Hi!', '2018-11-10 04:01:34', 1111),
(41, 1642529807, 'How are you?', '2018-11-10 04:01:39', 1111),
(42, 870889365, 'Hi, I am Sam!', '2018-11-10 04:03:23', 0),
(43, 870889365, 'How can I help you?', '2018-11-10 04:03:24', 0),
(44, 870889365, 'Hi, how are you?', '2018-11-10 04:03:35', 1111),
(45, 58, 'Hi, I am Sam!', '2018-11-10 04:07:26', 0),
(46, 58, 'How can I help you?', '2018-11-10 04:07:27', 0),
(47, 61, 'Hi, I am Sam!', '2018-11-10 04:09:36', 0),
(48, 61, 'How can I help you?', '2018-11-10 04:09:36', 0),
(49, 1826631455, 'Hi, I am Sam!', '2018-11-10 04:09:40', 0),
(50, 1826631455, 'How can I help you?', '2018-11-10 04:09:40', 0),
(51, 1277313480, 'Hi, I am Sam!', '2018-11-10 04:09:44', 0),
(52, 1277313480, 'How can I help you?', '2018-11-10 04:09:44', 0),
(53, 1642529807, 'Hdhdhd', '2018-11-10 04:41:22', 0),
(54, 1642529807, 'Ndndjr', '2018-11-10 04:42:24', 0),
(55, 1642529807, 'Jdjdud', '2018-11-10 04:47:26', 0),
(56, 70, 'Test', '2018-11-10 04:48:18', 1),
(57, 70, 'Nice to meet you Test. From a scale from 1 to 10, how are you feeling? ', '2018-11-10 04:48:18', 0),
(58, 870889365, 'Dkdk', '2018-11-10 04:48:57', 0),
(59, 1053529271, 'Hi, I am Sam!', '2018-11-10 04:49:03', 0),
(60, 1053529271, 'How can I help you?', '2018-11-10 04:49:03', 0),
(61, 1053529271, 'Fo4otjt', '2018-11-10 04:49:07', 0),
(62, 76, 'Hi, I am Sam!', '2018-11-10 04:49:45', 0),
(63, 76, 'How can I help you?', '2018-11-10 04:49:46', 0),
(64, 77, 'Hi, I am Sam!', '2018-11-10 04:49:51', 0),
(65, 77, 'How can I help you?', '2018-11-10 04:49:51', 0),
(66, 77, 'Jffj', '2018-11-10 04:49:53', 0),
(67, 77, 'Jdjfrj', '2018-11-10 04:49:55', 0),
(68, 1642529807, 'Djfjr', '2018-11-10 04:55:30', 1111),
(69, 1642529807, 'Jffj', '2018-11-10 04:55:36', 1111),
(70, 1642529807, 'Judjfj', '2018-11-10 04:56:04', 1111),
(71, 1642529807, 'Hdjf', '2018-11-10 04:58:17', 1111),
(72, 1642529807, 'Bangoloo', '2018-11-10 05:06:26', 1111),
(73, 1642529807, 'Hdhd', '2018-11-10 05:09:53', 1111),
(74, 1642529807, 'Jdjf', '2018-11-10 05:09:59', 1111),
(75, 1642529807, 'Akddn', '2018-11-10 05:10:22', 1111),
(76, 1642529807, 'Test', '2018-11-10 05:11:40', 1111),
(77, 1642529807, 'Test', '2018-11-10 05:12:20', 1111),
(78, 1642529807, 'Api message 17', '2018-11-10 05:12:20', 1111),
(79, 1642529807, 'Jfrnjdk', '2018-11-10 05:12:48', 1111),
(80, 1642529807, 'Nice to meet you . From a scale from 1 to 10, how are you feeling? ', '2018-11-10 05:12:48', 1111),
(81, 1642529807, '11', '2018-11-10 05:12:55', 1111),
(82, 1642529807, 'Nice to meet you . From a scale from 1 to 10, how are you feeling? ', '2018-11-10 05:12:55', 1111),
(83, 1642529807, '5', '2018-11-10 05:12:59', 1111),
(84, 1642529807, 'Nice to meet you . From a scale from 1 to 10, how are you feeling? ', '2018-11-10 05:12:59', 1111),
(85, 1642529807, '7', '2018-11-10 05:13:03', 1111),
(86, 1642529807, 'Nice to meet you . From a scale from 1 to 10, how are you feeling? ', '2018-11-10 05:13:03', 1111),
(87, 1642529807, 'Test', '2018-11-10 05:14:35', 1111),
(88, 1642529807, 'Api message 27', '2018-11-10 05:14:35', 1111),
(89, 1642529807, 'Whatsapp?', '2018-11-10 05:14:42', 1111),
(90, 1642529807, 'Nice to meet you . From a scale from 1 to 10, how are you feeling? ', '2018-11-10 05:14:42', 0),
(91, 1642529807, 'Jdjrhrjjjfjffjfjfjf', '2018-11-10 05:15:35', 1111),
(92, 1642529807, 'Nice to meet you . From a scale from 1 to 10, how are you feeling? ', '2018-11-10 05:15:35', 0),
(93, 1642529807, 'Djrrbr', '2018-11-10 05:18:19', 1111),
(94, 1642529807, 'Nice to meet you . From a scale from 1 to 10, how are you feeling? ', '2018-11-10 05:18:19', 0),
(95, 34893921, 'Hi, I am Sam!', '2018-11-10 05:21:07', 0),
(96, 34893921, 'Nice to meet you . From a scale from 1 to 10, how are you feeling? ', '2018-11-10 05:21:07', 0),
(97, 34893921, 'How can I help you?', '2018-11-10 05:21:07', 0),
(98, 34893921, 'Nice to meet you . From a scale from 1 to 10, how are you feeling? ', '2018-11-10 05:21:07', 0),
(99, 34893921, 'Hry', '2018-11-10 05:21:19', 0),
(100, 34893921, 'Nice to meet you . From a scale from 1 to 10, how are you feeling? ', '2018-11-10 05:21:19', 0),
(101, 34893921, 'Chhx', '2018-11-10 05:21:26', 0),
(102, 34893921, 'Nice to meet you . From a scale from 1 to 10, how are you feeling? ', '2018-11-10 05:21:26', 0),
(103, 34893921, 'Gghbg', '2018-11-10 05:27:37', 0),
(104, 34893921, 'Nice to meet you . From a scale from 1 to 10, how are you feeling? ', '2018-11-10 05:27:37', 0),
(105, 34893921, 'Dhhd', '2018-11-10 05:29:17', 0),
(106, 34893921, 'Nice to meet you . From a scale from 1 to 10, how are you feeling? ', '2018-11-10 05:29:17', 0),
(107, 34893921, 'Dhd', '2018-11-10 05:32:03', 0),
(108, 34893921, 'Nice to meet you . From a scale from 1 to 10, how are you feeling? ', '2018-11-10 05:32:03', 0),
(109, 34893921, 'Gg', '2018-11-10 05:43:35', 0),
(110, 34893921, 'Nice to meet you . From a scale from 1 to 10, how are you feeling? ', '2018-11-10 05:43:35', 0),
(111, 34893921, 'Yhd', '2018-11-10 05:44:09', 0),
(112, 34893921, 'Api message 17', '2018-11-10 05:44:09', 0),
(113, 34893921, 'Dhhd', '2018-11-10 05:44:12', 0),
(114, 34893921, 'Api message 19', '2018-11-10 05:44:12', 0),
(115, 34893921, 'Gg', '2018-11-10 05:44:25', 0),
(116, 34893921, 'Api message 21', '2018-11-10 05:44:25', 0),
(117, 34893921, ' V gy', '2018-11-10 05:46:14', 0),
(118, 34893921, 'Api message 23', '2018-11-10 05:46:14', 0),
(119, 34893921, 'Health', '2018-11-10 05:48:31', 0),
(120, 34893921, 'Api message 25', '2018-11-10 05:48:31', 0),
(121, 34893921, 'health', '2018-11-10 05:48:52', 0),
(122, 34893921, 'Api message 27', '2018-11-10 05:48:52', 0),
(123, 34893921, 'Sex', '2018-11-10 05:59:46', 0),
(124, 34893921, 'Api message 29', '2018-11-10 05:59:46', 0),
(125, 34893921, 'Sex', '2018-11-10 06:00:21', 0),
(126, 34893921, 'A', '2018-11-10 06:00:37', 0),
(127, 34893921, 'Tf', '2018-11-10 06:01:10', 0),
(128, 34893921, 'Vh', '2018-11-10 06:01:25', 0),
(129, 1642529807, 'Test', '2018-11-10 06:02:26', 1111),
(130, 34893921, 'Svs', '2018-11-10 06:04:19', 0),
(131, 34893921, 'Sss', '2018-11-10 06:04:23', 0),
(132, 1642529807, 'Testaf', '2018-11-10 06:04:49', 1111),
(133, 34893921, 'Sgsh', '2018-11-10 06:09:16', 0),
(134, 1642529807, 'Test', '2018-11-10 06:10:17', 1111),
(135, 34893921, 'Gegeg', '2018-11-10 06:10:49', 0),
(136, 122, 'Hi, I am Sam!', '2018-11-10 06:12:05', 0),
(137, 122, 'Nice to meet you Hi, I am Sam!. From a scale from 1 to 10, how are you feeling? ', '2018-11-10 06:12:05', 0),
(138, 122, 'How can I help you?', '2018-11-10 06:12:05', 0),
(139, 122, 'Yyr', '2018-11-10 06:12:12', 1143),
(140, 122, 'F5tc', '2018-11-10 06:13:19', 1143),
(141, 126, 'Hi, I am Sam!', '2018-11-10 06:14:19', 0),
(142, 126, 'Nice to meet you Hi, I am Sam!. From a scale from 1 to 10, how are you feeling? ', '2018-11-10 06:14:19', 0),
(143, 126, 'How can I help you?', '2018-11-10 06:14:19', 0),
(144, 127, 'fsfsfzsfgGEWg', '2018-11-10 06:14:37', 1148),
(145, 127, 'Nice to meet you fsfsfzsfgGEWg. From a scale from 1 to 10, how are you feeling? ', '2018-11-10 06:14:37', 0),
(146, 128, 'hello there', '2018-11-10 06:16:18', 1149),
(147, 128, 'Nice to meet you hello there. From a scale from 1 to 10, how are you feeling? ', '2018-11-10 06:16:18', 0),
(148, 126, 'Sgd', '2018-11-10 06:16:48', 1147),
(149, 34893921, 'Eer', '2018-11-10 06:17:05', 0),
(150, 34893921, 'Fufu', '2018-11-10 06:18:37', 0),
(151, 131, 'hello', '2018-11-10 06:19:09', 1151),
(152, 131, 'Nice to meet you hello. From a scale from 1 to 10, how are you feeling? ', '2018-11-10 06:19:09', 0),
(153, 34893921, 'Hrvddbd', '2018-11-10 06:19:57', 0),
(154, 34893921, 'Ggg', '2018-11-10 06:30:30', 1111),
(155, 34893921, 'Gdydu', '2018-11-10 06:33:40', 1111),
(156, 34893921, 'R7rug', '2018-11-10 06:33:50', 1111),
(157, 161, 'hello there', '2018-11-10 06:35:29', 1178),
(158, 161, 'Nice to meet you hello there. From a scale from 1 to 10, how are you feeling? ', '2018-11-10 06:35:29', 0),
(159, 161, 'how are you today?', '2018-11-10 06:35:46', 1178),
(160, 161, 'are you sure you are ok?', '2018-11-10 06:35:56', 1178),
(161, 162, 'heeello!', '2018-11-10 06:36:22', 1179),
(162, 162, 'Nice to meet you heeello!. From a scale from 1 to 10, how are you feeling? ', '2018-11-10 06:36:22', 0),
(163, 34893921, 'Ruru', '2018-11-10 06:36:27', 1111),
(164, 163, 'hello1', '2018-11-10 06:36:45', 1180),
(165, 163, 'Nice to meet you hello1. From a scale from 1 to 10, how are you feeling? ', '2018-11-10 06:36:45', 0),
(166, 1642529807, 'Gabriel', '2018-11-10 06:37:54', 1111),
(167, 34893921, 'Gfg', '2018-11-10 06:38:05', 1111),
(168, 1433445067, 'Hi, I am Sam!', '2018-11-10 06:45:44', 0),
(169, 1433445067, 'Nice to meet you Hi, I am Sam!. From a scale from 1 to 10, how are you feeling? ', '2018-11-10 06:45:44', 0),
(170, 1433445067, 'How can I help you?', '2018-11-10 06:45:44', 0),
(171, 1433445067, 'Gxy', '2018-11-10 06:45:58', 1111),
(172, 275426038, 'Hi, I am Sam!', '2018-11-10 06:46:25', 0),
(173, 275426038, 'Nice to meet you Hi, I am Sam!. From a scale from 1 to 10, how are you feeling? ', '2018-11-10 06:46:25', 0),
(174, 275426038, 'How can I help you?', '2018-11-10 06:46:25', 0),
(175, 1294690212, 'Hi, I am Sam!', '2018-11-10 06:47:45', 0),
(176, 1294690212, 'Nice to meet you Hi, I am Sam!. From a scale from 1 to 10, how are you feeling? ', '2018-11-10 06:47:45', 0),
(177, 1294690212, 'How can I help you?', '2018-11-10 06:47:46', 0),
(178, 180, 'Hi, I am Sam!', '2018-11-10 06:49:33', 0),
(179, 180, 'Nice to meet you Hi, I am Sam!. From a scale from 1 to 10, how are you feeling? ', '2018-11-10 06:49:33', 0),
(180, 180, 'How can I help you?', '2018-11-10 06:49:34', 0),
(181, 34893921, 'Testaf', '2018-11-10 06:50:07', 1111),
(182, 1744556068, 'Hi, I am Sam!', '2018-11-10 06:51:10', 0),
(183, 1744556068, 'Nice to meet you Hi, I am Sam!. From a scale from 1 to 10, how are you feeling? ', '2018-11-10 06:51:10', 0),
(184, 1744556068, 'How can I help you?', '2018-11-10 06:51:10', 0),
(185, 182, 'Hi, I am Sam!', '2018-11-10 06:51:37', 0),
(186, 182, 'Nice to meet you Hi, I am Sam!. From a scale from 1 to 10, how are you feeling? ', '2018-11-10 06:51:37', 0),
(187, 182, 'How can I help you?', '2018-11-10 06:51:37', 0),
(188, 182, 'Djejeh', '2018-11-10 06:51:41', 1189),
(189, 182, 'Jdjfjd', '2018-11-10 06:51:45', 1189),
(190, 182, 'Djdjd', '2018-11-10 06:51:47', 1189),
(191, 182, 'Ffjfj', '2018-11-10 06:51:51', 1189),
(192, 182, 'Jddjjd', '2018-11-10 06:51:53', 1189),
(193, 182, 'Jdjdj', '2018-11-10 06:51:56', 1189),
(194, 182, 'Jdjrjd', '2018-11-10 06:51:58', 1189),
(195, 182, 'Jdnd', '2018-11-10 06:52:00', 1189),
(196, 870889365, 'My name is Jonathan', '2018-11-10 06:52:16', 1111),
(197, 170, 'Hello there!', '2018-11-10 06:55:15', 1186),
(198, 170, 'Nice to meet you Hello there!. From a scale from 1 to 10, how are you feeling? ', '2018-11-10 06:55:15', 0),
(199, 170, '8', '2018-11-10 06:55:26', 1186),
(200, 186, 'heii there little guy!', '2018-11-10 06:59:56', 1192),
(201, 186, 'Nice to meet you heii there little guy!. From a scale from 1 to 10, how are you feeling? ', '2018-11-10 06:59:56', 0),
(202, 34893921, 'Testaf', '2018-11-10 07:03:59', 1111),
(203, 34893921, 'Testaf', '2018-11-10 07:05:53', 1111),
(204, 34893921, 'Testaf', '2018-11-10 07:07:03', 1111),
(205, 196, 'hei there', '2018-11-10 07:07:08', 1202),
(206, 34893921, 'Testaf', '2018-11-10 07:08:17', 1111),
(207, 34893921, 'Testaf', '2018-11-10 07:08:49', 1111),
(208, 34893921, 'Testaf', '2018-11-10 07:10:09', 1111),
(209, 34893921, 'Testaf', '2018-11-10 07:12:41', 1111),
(210, 34893921, 'Testaf', '2018-11-10 07:12:41', 1111),
(211, 34893921, 'Testaf', '2018-11-10 07:13:14', 1111),
(212, 34893921, 'Testaf', '2018-11-10 07:13:36', 1111),
(213, 34893921, 'Testaf', '2018-11-10 07:14:40', 1111),
(214, 34893921, 'Testaf', '2018-11-10 07:15:12', 1111),
(215, 34893921, 'Testaf', '2018-11-10 07:15:56', 1111),
(216, 34893921, 'Testaf', '2018-11-10 07:16:16', 1111),
(217, 34893921, 'health', '2018-11-10 07:16:31', 1111),
(218, 34893921, 'health', '2018-11-10 07:16:39', 1111),
(219, 34893921, 'health', '2018-11-10 07:17:48', 1111),
(220, 34893921, 'health', '2018-11-10 07:18:24', 1111),
(221, 34893921, 'health', '2018-11-10 07:18:41', 1111),
(222, 34893921, 'You may want to check ', '2018-11-10 07:18:41', 1111),
(223, 34893921, 'health', '2018-11-10 07:18:57', 1111),
(224, 34893921, 'You may want to check ', '2018-11-10 07:18:57', 1111),
(225, 34893921, 'health', '2018-11-10 07:19:12', 1111),
(226, 34893921, 'You may want to check ', '2018-11-10 07:19:12', 1111),
(227, 34893921, 'health', '2018-11-10 07:19:40', 1111),
(228, 34893921, 'You may want to check https://community.themix.org.uk/categories/health-wellbeing', '2018-11-10 07:19:40', 1111),
(229, 34893921, 'sigurnueste', '2018-11-10 07:19:58', 1111),
(230, 205, 'Hi, I am Sam!', '2018-11-10 07:20:09', 0),
(231, 205, 'Hi, I am Sam!', '2018-11-10 07:20:09', 0),
(232, 205, 'How can I help you?', '2018-11-10 07:20:09', 0),
(233, 205, 'How can I help you?', '2018-11-10 07:20:09', 0),
(234, 206, 'Hi, I am Sam!', '2018-11-10 07:20:21', 0),
(235, 206, 'Hi, I am Sam!', '2018-11-10 07:20:21', 0),
(236, 206, 'How can I help you?', '2018-11-10 07:20:21', 0),
(237, 206, 'How can I help you?', '2018-11-10 07:20:21', 0),
(238, 34893921, 'sigurnueste', '2018-11-10 07:21:09', 1111),
(239, 34893921, 'sigurnueste', '2018-11-10 07:21:43', 1111),
(240, 34893921, 'sigurnueste', '2018-11-10 07:22:35', 1111),
(241, 34893921, 'sigurnueste', '2018-11-10 07:22:44', 1111),
(242, 34893921, 'sigurnueste', '2018-11-10 07:22:59', 1111),
(243, 34893921, 'sigurnueste', '2018-11-10 07:23:07', 1111),
(244, 34893921, 'sigurnueste', '2018-11-10 07:23:44', 1111),
(245, 34893921, 'sigurnueste', '2018-11-10 07:24:00', 1111),
(246, 34893921, 'sigurnueste', '2018-11-10 07:26:52', 1111),
(247, 34893921, 'I am sorry but i am still learning. Could you be more clear?', '2018-11-10 07:26:52', 1111),
(248, 1642529807, 'Hi', '2018-11-10 07:27:19', 1111),
(249, 1642529807, 'Hi', '2018-11-10 07:27:19', 0),
(250, 222, 'Peter Loo', '2018-11-10 07:27:24', 1227),
(251, 222, 'Peter Loo', '2018-11-10 07:27:24', 0),
(252, 1642529807, 'What do you want?', '2018-11-10 07:27:28', 1111),
(253, 1642529807, 'What do you want?', '2018-11-10 07:27:28', 0),
(254, 222, 'Mary Jane', '2018-11-10 07:27:37', 1227),
(255, 222, 'Mary Jane', '2018-11-10 07:27:37', 0),
(256, 1642529807, 'Echooo', '2018-11-10 07:27:38', 1111),
(257, 1642529807, 'Echooo', '2018-11-10 07:27:38', 0),
(258, 222, 'heatlh', '2018-11-10 07:27:48', 1227),
(259, 222, 'heatlh', '2018-11-10 07:27:48', 0),
(260, 222, 'ane', '2018-11-10 07:28:12', 1227),
(261, 222, 'ane', '2018-11-10 07:28:12', 0),
(262, 222, 'ane', '2018-11-10 07:28:16', 1227),
(263, 222, 'ane', '2018-11-10 07:28:16', 0),
(264, 222, 'ane', '2018-11-10 07:28:20', 1227),
(265, 222, 'ane', '2018-11-10 07:28:20', 0),
(266, 222, 'ane', '2018-11-10 07:28:26', 1227),
(267, 222, 'I am sorry but i am still learning. Could you be more clear?', '2018-11-10 07:28:26', 0),
(268, 224, 'Hello Sam', '2018-11-10 07:28:40', 1228),
(269, 224, 'Nice to meet you Hello Sam. From a scale from 1 to 10, how are you feeling? ', '2018-11-10 07:28:40', 0),
(270, 224, '8', '2018-11-10 07:28:46', 1228),
(271, 224, 'I am sorry but i am still learning. Could you be more clear?', '2018-11-10 07:28:46', 0),
(272, 1642529807, 'Whadap?', '2018-11-10 07:28:53', 1111),
(273, 1642529807, 'I am sorry but i am still learning. Could you be more clear?', '2018-11-10 07:28:53', 0),
(274, 224, 'I am not feeling well', '2018-11-10 07:28:54', 1228),
(275, 224, 'I am sorry but i am still learning. Could you be more clear?', '2018-11-10 07:28:55', 0),
(276, 1642529807, 'Health', '2018-11-10 07:28:59', 1111),
(277, 1642529807, 'I am sorry but i am still learning. Could you be more clear?', '2018-11-10 07:28:59', 0),
(278, 224, 'Ok. good bye!', '2018-11-10 07:29:04', 1228),
(279, 224, 'I am sorry but i am still learning. Could you be more clear?', '2018-11-10 07:29:04', 0),
(280, 1642529807, 'health', '2018-11-10 07:29:06', 1111),
(281, 1642529807, 'You may want to check https://community.themix.org.uk/categories/health-wellbeing', '2018-11-10 07:29:06', 0),
(282, 226, 'Sex', '2018-11-10 07:29:20', 1229),
(283, 226, 'Nice to meet you Sex. From a scale from 1 to 10, how are you feeling? ', '2018-11-10 07:29:20', 0),
(284, 227, 'Vio', '2018-11-10 07:29:38', 1230),
(285, 227, 'Nice to meet you Vio. From a scale from 1 to 10, how are you feeling? ', '2018-11-10 07:29:38', 0),
(286, 227, '7', '2018-11-10 07:29:43', 1230),
(287, 227, 'I am sorry but i am still learning. Could you be more clear?', '2018-11-10 07:29:43', 0),
(288, 227, 'sex', '2018-11-10 07:29:50', 1230),
(289, 227, 'You may want to check https://community.themix.org.uk/categories/sex-relationships', '2018-11-10 07:29:50', 0),
(290, 1642529807, 'sex', '2018-11-10 07:30:08', 1111),
(291, 1642529807, 'You may want to check https://community.themix.org.uk/categories/sex-relationships', '2018-11-10 07:30:08', 0),
(292, 228, 'Vio', '2018-11-10 07:31:31', 1231),
(293, 228, 'Nice to meet you Vio. From a scale from 1 to 10, how are you feeling? ', '2018-11-10 07:31:31', 0),
(294, 228, '4', '2018-11-10 07:31:37', 1231),
(295, 228, 'I am sorry but i am still learning. Could you be more clear?', '2018-11-10 07:31:37', 0),
(296, 228, 'sex', '2018-11-10 07:31:42', 1231),
(297, 228, 'You may want to check https://community.themix.org.uk/categories/sex-relationships', '2018-11-10 07:31:42', 0),
(298, 34893921, 'Sex', '2018-11-10 07:34:31', 1111),
(299, 34893921, 'You may want to check https://community.themix.org.uk/categories/sex-relationships', '2018-11-10 07:34:31', 1111),
(300, 1642529807, 'Sex', '2018-11-10 07:34:57', 1111),
(301, 1642529807, 'You may want to check https://community.themix.org.uk/categories/sex-relationships', '2018-11-10 07:34:57', 0),
(302, 870889365, 'Jdjfjf', '2018-11-10 07:37:20', 1111),
(303, 870889365, 'I am sorry but i am still learning. Could you be more clear?', '2018-11-10 07:37:20', 0),
(304, 870889365, 'Jddjf', '2018-11-10 07:37:22', 1111),
(305, 870889365, 'I am sorry but i am still learning. Could you be more clear?', '2018-11-10 07:37:22', 0),
(306, 870889365, 'Jdjdj', '2018-11-10 07:37:25', 1111),
(307, 870889365, 'I am sorry but i am still learning. Could you be more clear?', '2018-11-10 07:37:25', 0),
(308, 870889365, 'Jrnrb', '2018-11-10 07:37:27', 1111),
(309, 870889365, 'I am sorry but i am still learning. Could you be more clear?', '2018-11-10 07:37:27', 0),
(310, 870889365, 'Depression', '2018-11-10 07:37:32', 1111),
(311, 870889365, 'I am sorry but i am still learning. Could you be more clear?', '2018-11-10 07:37:32', 0),
(312, 237, 'vio', '2018-11-10 07:37:35', 1233),
(313, 237, 'Nice to meet you vio. From a scale from 1 to 10, how are you feeling? ', '2018-11-10 07:37:35', 0),
(314, 870889365, 'School', '2018-11-10 07:37:38', 1111),
(315, 870889365, 'I am sorry but i am still learning. Could you be more clear?', '2018-11-10 07:37:38', 0),
(316, 237, 'sex', '2018-11-10 07:37:40', 1233),
(317, 237, 'You may want to check https://community.themix.org.uk/categories/sex-relationships', '2018-11-10 07:37:40', 0),
(318, 238, 'vio', '2018-11-10 07:38:07', 1234),
(319, 238, 'Nice to meet you vio. From a scale from 1 to 10, how are you feeling? ', '2018-11-10 07:38:07', 0),
(320, 238, 'sex', '2018-11-10 07:38:11', 1234),
(321, 238, 'You may want to check https://community.themix.org.uk/categories/sex-relationships', '2018-11-10 07:38:11', 0),
(322, 779338430, 'Hi, I am Sam!', '2018-11-10 07:39:32', 0),
(323, 779338430, 'Nice to meet you Hi, I am Sam!. From a scale from 1 to 10, how are you feeling? ', '2018-11-10 07:39:32', 0),
(324, 779338430, 'How can I help you?', '2018-11-10 07:39:32', 0),
(325, 779338430, 'You may want to check https://community.themix.org.uk/categories/help-desk', '2018-11-10 07:39:32', 0),
(326, 779338430, 'Sex', '2018-11-10 07:39:38', 1111),
(327, 779338430, 'You may want to check https://community.themix.org.uk/categories/sex-relationships', '2018-11-10 07:39:38', 0),
(328, 779338430, 'Sexual trauma', '2018-11-10 07:39:46', 1111),
(329, 779338430, 'You may want to check https://www.themix.org.uk/sex-and-relationships/there-can-be-hope-after-sexual-violence-29083.html', '2018-11-10 07:39:46', 0),
(330, 246, 'Sammy', '2018-11-10 07:41:25', 1235),
(331, 246, 'Nice to meet you Sammy. From a scale from 1 to 10, how are you feeling? ', '2018-11-10 07:41:25', 0),
(332, 246, 'sex', '2018-11-10 07:41:35', 1235),
(333, 246, 'You may want to check https://community.themix.org.uk/categories/sex-relationships', '2018-11-10 07:41:35', 0),
(334, 1642529807, 'Depression', '2018-11-10 07:44:28', 1111),
(335, 1642529807, 'I am sorry but i am still learning. Could you be more clear?', '2018-11-10 07:44:28', 0),
(336, 1642529807, 'Go to school', '2018-11-10 07:44:37', 1111),
(337, 1642529807, 'I am sorry but i am still learning. Could you be more clear?', '2018-11-10 07:44:37', 0),
(338, 322, 'one of up', '2018-11-10 09:09:01', 1112),
(339, 322, 'Nice to meet you one of up. From a scale from 1 to 10, how are you feeling? ', '2018-11-10 09:09:01', 0),
(340, 322, 'and that is going to have', '2018-11-10 09:09:13', 1112),
(341, 322, 'You may want to check https://community.themix.org.uk/categories/anything-goes. Was this helpfull?Do you have any more questions?', '2018-11-10 09:09:13', 0),
(342, 322, 'what up', '2018-11-10 09:09:32', 1112),
(343, 322, 'I am sorry but i am still learning. Could you be more clear?', '2018-11-10 09:09:32', 0),
(344, 322, 'what did it was', '2018-11-10 09:09:43', 1112),
(345, 322, 'I am sorry but i am still learning. Could you be more clear?', '2018-11-10 09:09:43', 0),
(346, 322, 'so what', '2018-11-10 09:09:53', 1112),
(347, 322, 'I am sorry but i am still learning. Could you be more clear?', '2018-11-10 09:09:53', 0),
(348, 323, 'primetime', '2018-11-10 09:10:06', 1112),
(349, 323, 'Nice to meet you primetime. From a scale from 1 to 10, how are you feeling? ', '2018-11-10 09:10:06', 0),
(350, 323, 'You may want to check https://community.themix.org.uk/categories/help-desk. Was this helpfull?Do you have any more questions?', '2018-11-10 09:10:16', 0),
(351, 323, 'the', '2018-11-10 09:10:32', 1112),
(352, 323, 'I am sorry but i am still learning. Could you be more clear?', '2018-11-10 09:10:32', 0),
(353, 323, 'this is done', '2018-11-10 09:10:42', 1112),
(354, 323, 'You may want to check https://community.themix.org.uk/categories/anything-goes. Was this helpfull?Do you have any more questions?', '2018-11-10 09:10:42', 0),
(355, 323, 'You may want to check https://community.themix.org.uk/categories/anything-goes. Was this helpfull?Do you have any more questions?', '2018-11-10 09:11:02', 0),
(356, 323, 'one of', '2018-11-10 09:11:22', 1112),
(357, 323, 'I am sorry but i am still learning. Could you be more clear?', '2018-11-10 09:11:22', 0),
(358, 323, 'oh', '2018-11-10 09:11:33', 1112),
(359, 323, 'I am sorry but i am still learning. Could you be more clear?', '2018-11-10 09:11:33', 0),
(360, 323, 'oh', '2018-11-10 09:11:43', 1112),
(361, 323, 'I am sorry but i am still learning. Could you be more clear?', '2018-11-10 09:11:43', 0),
(362, 323, 'what', '2018-11-10 09:11:53', 1112),
(363, 323, 'I am sorry but i am still learning. Could you be more clear?', '2018-11-10 09:11:54', 0),
(364, 323, '', '2018-11-10 09:12:03', 1112),
(365, 323, 'I am sorry but i am still learning. Could you be more clear?', '2018-11-10 09:12:03', 0),
(366, 323, 'huh', '2018-11-10 09:12:14', 1112),
(367, 323, 'I am sorry but i am still learning. Could you be more clear?', '2018-11-10 09:12:14', 0),
(368, 323, 'oh', '2018-11-10 09:12:23', 1112),
(369, 323, 'I am sorry but i am still learning. Could you be more clear?', '2018-11-10 09:12:23', 0),
(370, 323, 'that equipment', '2018-11-10 09:12:35', 1112),
(371, 323, 'You may want to check https://community.themix.org.uk/categories/anything-goes. Was this helpfull?Do you have any more questions?', '2018-11-10 09:12:35', 0),
(372, 323, 'You may want to check https://community.themix.org.uk/categories/anything-goes. Was this helpfull?Do you have any more questions?', '2018-11-10 09:12:54', 0),
(373, 323, 'what', '2018-11-10 09:13:12', 1112),
(374, 323, 'I am sorry but i am still learning. Could you be more clear?', '2018-11-10 09:13:12', 0),
(375, 323, 'and hoop that it', '2018-11-10 09:13:23', 1112),
(376, 323, 'You may want to check https://community.themix.org.uk/categories/anything-goes. Was this helpfull?Do you have any more questions?', '2018-11-10 09:13:23', 0),
(377, 323, 'it had a high get out go', '2018-11-10 09:13:43', 1112),
(378, 323, 'I am sorry but i am still learning. Could you be more clear?', '2018-11-10 09:13:43', 0),
(379, 323, 'and faith and', '2018-11-10 09:13:55', 1112),
(380, 323, 'I am sorry but i am still learning. Could you be more clear?', '2018-11-10 09:13:56', 0),
(381, 323, 'what', '2018-11-10 09:14:08', 1112),
(382, 323, 'I am sorry but i am still learning. Could you be more clear?', '2018-11-10 09:14:08', 0),
(383, 323, 'the wheel', '2018-11-10 09:14:19', 1112),
(384, 323, 'I am sorry but i am still learning. Could you be more clear?', '2018-11-10 09:14:19', 0),
(385, 323, '', '2018-11-10 09:14:29', 1112),
(386, 323, 'I am sorry but i am still learning. Could you be more clear?', '2018-11-10 09:14:29', 0),
(387, 323, 'i', '2018-11-10 09:14:38', 1112),
(388, 323, 'I am sorry but i am still learning. Could you be more clear?', '2018-11-10 09:14:38', 0),
(389, 323, 'oh', '2018-11-10 09:14:47', 1112),
(390, 323, 'I am sorry but i am still learning. Could you be more clear?', '2018-11-10 09:14:47', 0),
(391, 323, 'if you two of what phone', '2018-11-10 09:15:00', 1112),
(392, 323, 'I am sorry but i am still learning. Could you be more clear?', '2018-11-10 09:15:00', 0),
(393, 323, 'I am sorry but i am still learning. Could you be more clear?', '2018-11-10 09:15:14', 0),
(394, 323, 'but', '2018-11-10 09:15:25', 1112),
(395, 323, 'I am sorry but i am still learning. Could you be more clear?', '2018-11-10 09:15:25', 0),
(396, 323, 'I am sorry but i am still learning. Could you be more clear?', '2018-11-10 09:15:39', 0),
(397, 323, 'what if it the yeah the room', '2018-11-10 09:15:51', 1112),
(398, 323, 'I am sorry but i am still learning. Could you be more clear?', '2018-11-10 09:15:51', 0),
(399, 323, 'and that when her are', '2018-11-10 09:16:03', 1112),
(400, 323, 'You may want to check https://community.themix.org.uk/categories/anything-goes. Was this helpfull?Do you have any more questions?', '2018-11-10 09:16:03', 0),
(401, 323, 'what', '2018-11-10 09:16:21', 1112),
(402, 323, 'I am sorry but i am still learning. Could you be more clear?', '2018-11-10 09:16:21', 0),
(403, 323, 'uh', '2018-11-10 09:16:30', 1112),
(404, 323, 'I am sorry but i am still learning. Could you be more clear?', '2018-11-10 09:16:30', 0),
(405, 323, 'what i', '2018-11-10 09:16:40', 1112),
(406, 323, 'I am sorry but i am still learning. Could you be more clear?', '2018-11-10 09:16:40', 0),
(407, 323, 'uh', '2018-11-10 09:16:49', 1112),
(408, 323, 'I am sorry but i am still learning. Could you be more clear?', '2018-11-10 09:16:49', 0),
(409, 323, 'one colour', '2018-11-10 09:16:59', 1112),
(410, 323, 'I am sorry but i am still learning. Could you be more clear?', '2018-11-10 09:16:59', 0),
(411, 323, 'I am sorry but i am still learning. Could you be more clear?', '2018-11-10 09:17:12', 0),
(412, 323, 'but if i had i and', '2018-11-10 09:17:25', 1112),
(413, 323, 'I am sorry but i am still learning. Could you be more clear?', '2018-11-10 09:17:25', 0),
(414, 323, 'I am sorry but i am still learning. Could you be more clear?', '2018-11-10 09:17:38', 0),
(415, 323, 'pat', '2018-11-10 09:17:49', 1112),
(416, 323, 'I am sorry but i am still learning. Could you be more clear?', '2018-11-10 09:17:49', 0),
(417, 323, 'for what bill', '2018-11-10 09:18:01', 1112),
(418, 323, 'I am sorry but i am still learning. Could you be more clear?', '2018-11-10 09:18:01', 0),
(419, 323, 'the who and how one', '2018-11-10 09:18:12', 1112),
(420, 323, 'You may want to check https://community.themix.org.uk/categories/help-desk. Was this helpfull?Do you have any more questions?', '2018-11-10 09:18:12', 0),
(421, 323, 'when', '2018-11-10 09:18:29', 1112),
(422, 323, 'I am sorry but i am still learning. Could you be more clear?', '2018-11-10 09:18:29', 0),
(423, 323, 'i have', '2018-11-10 09:18:40', 1112),
(424, 323, 'I am sorry but i am still learning. Could you be more clear?', '2018-11-10 09:18:40', 0),
(425, 323, 'why', '2018-11-10 09:18:52', 1112),
(426, 323, 'I am sorry but i am still learning. Could you be more clear?', '2018-11-10 09:18:52', 0),
(427, 323, 'i', '2018-11-10 09:19:02', 1112),
(428, 323, 'I am sorry but i am still learning. Could you be more clear?', '2018-11-10 09:19:02', 0),
(429, 323, 'uh huh', '2018-11-10 09:19:12', 1112),
(430, 323, 'I am sorry but i am still learning. Could you be more clear?', '2018-11-10 09:19:12', 0),
(431, 323, 'what', '2018-11-10 09:19:23', 1112),
(432, 323, 'I am sorry but i am still learning. Could you be more clear?', '2018-11-10 09:19:23', 0),
(433, 323, 'whoa', '2018-11-10 09:19:33', 1112),
(434, 323, 'I am sorry but i am still learning. Could you be more clear?', '2018-11-10 09:19:33', 0),
(435, 323, 'oh', '2018-11-10 09:19:42', 1112),
(436, 323, 'I am sorry but i am still learning. Could you be more clear?', '2018-11-10 09:19:42', 0),
(437, 323, 'oh', '2018-11-10 09:19:52', 1112),
(438, 323, 'I am sorry but i am still learning. Could you be more clear?', '2018-11-10 09:19:52', 0),
(439, 323, '', '2018-11-10 09:20:01', 1112),
(440, 323, 'I am sorry but i am still learning. Could you be more clear?', '2018-11-10 09:20:01', 0),
(441, 323, '', '2018-11-10 09:20:10', 1112),
(442, 323, 'I am sorry but i am still learning. Could you be more clear?', '2018-11-10 09:20:10', 0),
(443, 323, 'the', '2018-11-10 09:20:21', 1112),
(444, 323, 'I am sorry but i am still learning. Could you be more clear?', '2018-11-10 09:20:21', 0),
(445, 323, 'i used to i gotta', '2018-11-10 09:20:34', 1112),
(446, 323, 'I am sorry but i am still learning. Could you be more clear?', '2018-11-10 09:20:34', 0),
(447, 323, 'and when', '2018-11-10 09:20:46', 1112),
(448, 323, 'I am sorry but i am still learning. Could you be more clear?', '2018-11-10 09:20:46', 0),
(449, 323, 'where', '2018-11-10 09:20:56', 1112),
(450, 323, 'I am sorry but i am still learning. Could you be more clear?', '2018-11-10 09:20:56', 0),
(451, 323, 'and why', '2018-11-10 09:21:09', 1112),
(452, 323, 'I am sorry but i am still learning. Could you be more clear?', '2018-11-10 09:21:09', 0),
(453, 323, 'what', '2018-11-10 09:21:21', 1112),
(454, 323, 'I am sorry but i am still learning. Could you be more clear?', '2018-11-10 09:21:21', 0),
(455, 323, 'if i have had', '2018-11-10 09:21:31', 1112),
(456, 323, 'I am sorry but i am still learning. Could you be more clear?', '2018-11-10 09:21:31', 0),
(457, 323, 'but', '2018-11-10 09:21:41', 1112),
(458, 323, 'I am sorry but i am still learning. Could you be more clear?', '2018-11-10 09:21:41', 0),
(459, 323, '', '2018-11-10 09:21:50', 1112),
(460, 323, 'I am sorry but i am still learning. Could you be more clear?', '2018-11-10 09:21:50', 0),
(461, 323, 'oh', '2018-11-10 09:22:00', 1112),
(462, 323, 'I am sorry but i am still learning. Could you be more clear?', '2018-11-10 09:22:00', 0),
(463, 323, '', '2018-11-10 09:22:09', 1112),
(464, 323, 'I am sorry but i am still learning. Could you be more clear?', '2018-11-10 09:22:09', 0),
(465, 323, 'uh', '2018-11-10 09:22:19', 1112),
(466, 323, 'I am sorry but i am still learning. Could you be more clear?', '2018-11-10 09:22:19', 0),
(467, 323, 'ah', '2018-11-10 09:22:29', 1112),
(468, 323, 'I am sorry but i am still learning. Could you be more clear?', '2018-11-10 09:22:29', 0),
(469, 323, 'o. k.', '2018-11-10 09:22:39', 1112),
(470, 323, 'I am sorry but i am still learning. Could you be more clear?', '2018-11-10 09:22:39', 0),
(471, 323, 'what and they loved him', '2018-11-10 09:22:51', 1112),
(472, 323, 'I am sorry but i am still learning. Could you be more clear?', '2018-11-10 09:22:51', 0),
(473, 323, 'there', '2018-11-10 09:23:01', 1112),
(474, 323, 'I am sorry but i am still learning. Could you be more clear?', '2018-11-10 09:23:01', 0),
(475, 323, '', '2018-11-10 09:23:10', 1112),
(476, 323, 'I am sorry but i am still learning. Could you be more clear?', '2018-11-10 09:23:10', 0),
(477, 323, 'whoa', '2018-11-10 09:23:22', 1112),
(478, 323, 'I am sorry but i am still learning. Could you be more clear?', '2018-11-10 09:23:22', 0),
(479, 323, '', '2018-11-10 09:23:32', 1112),
(480, 323, 'I am sorry but i am still learning. Could you be more clear?', '2018-11-10 09:23:32', 0),
(481, 323, 'bye bye', '2018-11-10 09:23:42', 1112),
(482, 323, 'I am sorry but i am still learning. Could you be more clear?', '2018-11-10 09:23:42', 0),
(483, 323, '', '2018-11-10 09:23:52', 1112),
(484, 323, 'I am sorry but i am still learning. Could you be more clear?', '2018-11-10 09:23:52', 0),
(485, 323, '', '2018-11-10 09:24:01', 1112),
(486, 323, 'I am sorry but i am still learning. Could you be more clear?', '2018-11-10 09:24:01', 0),
(487, 323, 'oh', '2018-11-10 09:24:11', 1112),
(488, 323, 'I am sorry but i am still learning. Could you be more clear?', '2018-11-10 09:24:11', 0),
(489, 323, 'I am sorry but i am still learning. Could you be more clear?', '2018-11-10 09:24:22', 0),
(490, 323, 'but if the do', '2018-11-10 09:24:35', 1112),
(491, 323, 'I am sorry but i am still learning. Could you be more clear?', '2018-11-10 09:24:35', 0),
(492, 323, 'one thing and in what', '2018-11-10 09:24:47', 1112),
(493, 323, 'I am sorry but i am still learning. Could you be more clear?', '2018-11-10 09:24:47', 0),
(494, 323, 'the mind of', '2018-11-10 09:25:08', 1112),
(495, 323, 'I am sorry but i am still learning. Could you be more clear?', '2018-11-10 09:25:08', 0),
(496, 323, 'when he was overheard', '2018-11-10 09:25:19', 1112),
(497, 323, 'I am sorry but i am still learning. Could you be more clear?', '2018-11-10 09:25:19', 0),
(498, 323, 'while', '2018-11-10 09:25:31', 1112),
(499, 323, 'I am sorry but i am still learning. Could you be more clear?', '2018-11-10 09:25:31', 0),
(500, 323, 'I am sorry but i am still learning. Could you be more clear?', '2018-11-10 09:25:41', 0),
(501, 323, 'what i have', '2018-11-10 09:25:54', 1112),
(502, 323, 'I am sorry but i am still learning. Could you be more clear?', '2018-11-10 09:25:54', 0),
(503, 323, 'what', '2018-11-10 09:26:07', 1112),
(504, 323, 'I am sorry but i am still learning. Could you be more clear?', '2018-11-10 09:26:07', 0),
(505, 323, 'I am sorry but i am still learning. Could you be more clear?', '2018-11-10 09:26:23', 0),
(506, 323, 'I am sorry but i am still learning. Could you be more clear?', '2018-11-10 09:26:36', 0),
(507, 323, 'why', '2018-11-10 09:26:49', 1112),
(508, 323, 'I am sorry but i am still learning. Could you be more clear?', '2018-11-10 09:26:49', 0),
(509, 323, 'to', '2018-11-10 09:27:00', 1112),
(510, 323, 'I am sorry but i am still learning. Could you be more clear?', '2018-11-10 09:27:00', 0),
(511, 323, 'what', '2018-11-10 09:27:12', 1112),
(512, 323, 'I am sorry but i am still learning. Could you be more clear?', '2018-11-10 09:27:12', 0),
(513, 323, 'what', '2018-11-10 09:27:22', 1112),
(514, 323, 'I am sorry but i am still learning. Could you be more clear?', '2018-11-10 09:27:22', 0),
(515, 323, 'of a fifth of the un', '2018-11-10 09:27:34', 1112),
(516, 323, 'I am sorry but i am still learning. Could you be more clear?', '2018-11-10 09:27:34', 0),
(517, 323, 'one of new', '2018-11-10 09:27:47', 1112),
(518, 323, 'I am sorry but i am still learning. Could you be more clear?', '2018-11-10 09:27:47', 0),
(519, 323, 'up for a half years', '2018-11-10 09:28:01', 1112),
(520, 323, 'I am sorry but i am still learning. Could you be more clear?', '2018-11-10 09:28:01', 0),
(521, 323, 'one hundred thousand others', '2018-11-10 09:28:12', 1112),
(522, 323, 'I am sorry but i am still learning. Could you be more clear?', '2018-11-10 09:28:12', 0);

-- --------------------------------------------------------

--
-- Table structure for table `moderaters`
--

CREATE TABLE `moderaters` (
  `ModeraterId` int(11) NOT NULL,
  `UserId` int(11) NOT NULL,
  `Role` int(11) NOT NULL,
  `CreationTime` datetime NOT NULL
) ENGINE=InnoDB DEFAULT CHARSET=latin1;

-- --------------------------------------------------------

--
-- Table structure for table `notifications`
--

CREATE TABLE `notifications` (
  `NotificationId` int(11) NOT NULL,
  `Title` varchar(15) NOT NULL,
  `CreationTime` datetime NOT NULL
) ENGINE=InnoDB DEFAULT CHARSET=latin1;

-- --------------------------------------------------------

--
-- Table structure for table `responses`
--

CREATE TABLE `responses` (
  `ResponseId` int(11) NOT NULL,
  `Name` text NOT NULL,
  `CreationTime` datetime NOT NULL
) ENGINE=InnoDB DEFAULT CHARSET=latin1;

--
-- Dumping data for table `responses`
--

INSERT INTO `responses` (`ResponseId`, `Name`, `CreationTime`) VALUES
(66, 'https://www.themix.org.uk/crime-and-safety/personal-safety/how-to-stay-safe-online-29437.html', '2018-11-10 03:43:25'),
(67, 'https://www.themix.org.uk/mental-health/eating-disorders/my-sister-had-anorexia-and-i-didnt-know-how-to-help-29350.html', '2018-11-10 03:43:25'),
(68, 'https://www.themix.org.uk/work-and-study/working-life/looking-after-your-mental-health-at-work-29271.html', '2018-11-10 03:43:25'),
(69, 'https://www.themix.org.uk/mental-health/how-i-overcame-depersonalisation-29269.html', '2018-11-10 03:43:25'),
(70, 'https://www.themix.org.uk/mental-health/self-harm/self-harm-is-an-addictive-way-to-cope-with-mental-pain-nonormal-29249.html', '2018-11-10 03:43:25'),
(71, 'https://www.themix.org.uk/mental-health/everyone-can-struggle-with-mental-health-nonormal-29226.html', '2018-11-10 03:43:25'),
(72, 'https://www.themix.org.uk/mental-health/body-image-and-self-esteem/sometimes-its-hard-to-feel-human-but-you-deserve-help-29099.html', '2018-11-10 03:43:25'),
(73, 'https://www.themix.org.uk/mental-health/anxiety-ocd-and-phobias/coping-with-social-anxiety-29093.html', '2018-11-10 03:43:25'),
(74, 'https://www.themix.org.uk/work-and-study/managing-post-graduate-depression-29088.html', '2018-11-10 03:43:25'),
(75, 'https://www.themix.org.uk/sex-and-relationships/there-can-be-hope-after-sexual-violence-29083.html', '2018-11-10 03:43:25'),
(76, 'https://community.themix.org.uk/categories/start-here', '2018-11-10 06:38:51'),
(77, 'https://community.themix.org.uk/categories/welcome', '2018-11-10 06:40:08'),
(78, 'https://community.themix.org.uk/categories/help-desk', '2018-11-10 06:41:56'),
(79, 'https://community.themix.org.uk/categories/anything-goes', '2018-11-10 06:44:05'),
(80, 'https://community.themix.org.uk/categories/live-chat-announcements', '2018-11-10 06:46:19'),
(81, 'https://community.themix.org.uk/categories/politics-debate', '2018-11-10 06:48:10'),
(82, 'https://community.themix.org.uk/categories/travel-free-time', '2018-11-10 06:50:00'),
(83, 'https://community.themix.org.uk/categories/health-wellbeing', '2018-11-10 06:52:22'),
(84, 'https://community.themix.org.uk/categories/sex-relationships', '2018-11-10 06:54:27');

-- --------------------------------------------------------

--
-- Table structure for table `sessions`
--

CREATE TABLE `sessions` (
  `SessionId` int(11) NOT NULL,
  `UserId` int(11) NOT NULL,
  `CreationTime` datetime NOT NULL
) ENGINE=InnoDB DEFAULT CHARSET=latin1;

--
-- Dumping data for table `sessions`
--

INSERT INTO `sessions` (`SessionId`, `UserId`, `CreationTime`) VALUES
(1, 1, '2018-11-10 01:34:13'),
(2, 0, '2018-11-10 02:28:57'),
(3, 1, '2018-11-10 02:37:24'),
(4, 14, '2018-11-10 02:39:24'),
(5, 15, '2018-11-10 02:40:31'),
(6, 16, '2018-11-10 02:41:02'),
(7, 17, '2018-11-10 02:41:20'),
(8, 18, '2018-11-10 02:41:31'),
(9, 19, '2018-11-10 02:42:21'),
(10, 20, '2018-11-10 02:43:00'),
(11, 21, '2018-11-10 02:43:14'),
(12, 22, '2018-11-10 02:46:51'),
(13, 23, '2018-11-10 02:49:25'),
(14, 24, '2018-11-10 02:51:20'),
(15, 25, '2018-11-10 02:53:46'),
(16, 26, '2018-11-10 02:53:49'),
(17, 27, '2018-11-10 02:54:26'),
(18, 28, '2018-11-10 02:55:16'),
(19, 29, '2018-11-10 02:55:49'),
(20, 30, '2018-11-10 02:56:44'),
(21, 31, '2018-11-10 02:59:49'),
(22, 32, '2018-11-10 03:02:32'),
(23, 33, '2018-11-10 03:04:19'),
(24, 34, '2018-11-10 03:06:07'),
(25, 35, '2018-11-10 03:07:26'),
(26, 36, '2018-11-10 03:07:53'),
(27, 37, '2018-11-10 03:07:53'),
(28, 38, '2018-11-10 03:10:12'),
(29, 39, '2018-11-10 03:10:31'),
(30, 40, '2018-11-10 03:12:36'),
(31, 41, '2018-11-10 03:15:24'),
(32, 42, '2018-11-10 03:16:49'),
(33, 43, '2018-11-10 03:17:02'),
(34, 44, '2018-11-10 03:19:29'),
(35, 45, '2018-11-10 03:20:26'),
(36, 46, '2018-11-10 03:20:44'),
(37, 47, '2018-11-10 03:24:48'),
(38, 48, '2018-11-10 03:25:13'),
(39, 49, '2018-11-10 03:25:21'),
(40, 50, '2018-11-10 03:27:29'),
(41, 51, '2018-11-10 03:31:15'),
(42, 52, '2018-11-10 03:34:10'),
(43, 53, '2018-11-10 03:34:24'),
(44, 54, '2018-11-10 03:34:59'),
(45, 55, '2018-11-10 03:41:15'),
(46, 56, '2018-11-10 03:41:54'),
(47, 57, '2018-11-10 03:42:34'),
(48, 58, '2018-11-10 03:42:34'),
(49, 59, '2018-11-10 03:43:41'),
(50, 60, '2018-11-10 03:43:53'),
(51, 61, '2018-11-10 03:54:39'),
(52, 1111, '2018-11-10 04:01:24'),
(53, 0, '2018-11-10 04:01:56'),
(54, 1111, '2018-11-10 04:03:23'),
(55, 1111, '2018-11-10 04:03:55'),
(56, 1111, '2018-11-10 04:04:08'),
(57, 1111, '2018-11-10 04:06:47'),
(58, 1112, '2018-11-10 04:07:26'),
(59, 1111, '2018-11-10 04:09:28'),
(60, 1111, '2018-11-10 04:09:32'),
(61, 1113, '2018-11-10 04:09:35'),
(62, 1111, '2018-11-10 04:09:39'),
(63, 1111, '2018-11-10 04:09:43'),
(64, 1111, '2018-11-10 04:09:59'),
(65, 1111, '2018-11-10 04:10:17'),
(66, 1111, '2018-11-10 04:40:53'),
(67, 1, '2018-11-10 04:42:21'),
(68, 1111, '2018-11-10 04:42:21'),
(69, 1111, '2018-11-10 04:43:36'),
(70, 1, '2018-11-10 04:47:20'),
(71, 1111, '2018-11-10 04:47:21'),
(72, 1111, '2018-11-10 04:48:53'),
(73, 1111, '2018-11-10 04:49:02'),
(74, 1111, '2018-11-10 04:49:17'),
(75, 1111, '2018-11-10 04:49:36'),
(76, 1114, '2018-11-10 04:49:45'),
(77, 1115, '2018-11-10 04:49:50'),
(78, 1111, '2018-11-10 04:52:50'),
(79, 1111, '2018-11-10 05:06:19'),
(80, 1111, '2018-11-10 05:10:18'),
(81, 1111, '2018-11-10 05:12:40'),
(82, 1111, '2018-11-10 05:14:36'),
(83, 1111, '2018-11-10 05:17:59'),
(84, 1111, '2018-11-10 05:18:15'),
(85, 0, '2018-11-10 05:21:06'),
(86, 0, '2018-11-10 05:44:21'),
(87, 1117, '2018-11-10 05:56:09'),
(88, 1118, '2018-11-10 05:56:36'),
(89, 1119, '2018-11-10 05:57:07'),
(90, 0, '2018-11-10 05:59:02'),
(91, 1120, '2018-11-10 05:59:20'),
(92, 1121, '2018-11-10 05:59:25'),
(93, 1122, '2018-11-10 05:59:39'),
(94, 0, '2018-11-10 05:59:41'),
(95, 1123, '2018-11-10 05:59:51'),
(96, 1124, '2018-11-10 05:59:56'),
(97, 0, '2018-11-10 06:00:33'),
(98, 1125, '2018-11-10 06:02:02'),
(99, 1126, '2018-11-10 06:02:40'),
(100, 0, '2018-11-10 06:02:45'),
(101, 1127, '2018-11-10 06:03:08'),
(102, 1128, '2018-11-10 06:03:24'),
(103, 0, '2018-11-10 06:04:11'),
(104, 1129, '2018-11-10 06:04:11'),
(105, 1130, '2018-11-10 06:04:19'),
(106, 1131, '2018-11-10 06:04:21'),
(107, 1132, '2018-11-10 06:04:27'),
(108, 1133, '2018-11-10 06:05:21'),
(109, 1, '2018-11-10 06:06:24'),
(110, 1134, '2018-11-10 06:07:27'),
(111, 1135, '2018-11-10 06:07:40'),
(112, 1136, '2018-11-10 06:07:51'),
(113, 1137, '2018-11-10 06:09:14'),
(114, 0, '2018-11-10 06:09:24'),
(115, 1138, '2018-11-10 06:09:59'),
(116, 1139, '2018-11-10 06:10:05'),
(117, 1111, '2018-11-10 06:10:12'),
(118, 1111, '2018-11-10 06:10:27'),
(119, 1140, '2018-11-10 06:10:37'),
(120, 1141, '2018-11-10 06:11:48'),
(121, 1142, '2018-11-10 06:11:54'),
(122, 1143, '2018-11-10 06:12:05'),
(123, 1144, '2018-11-10 06:12:49'),
(124, 1145, '2018-11-10 06:13:34'),
(125, 1146, '2018-11-10 06:13:56'),
(126, 1147, '2018-11-10 06:14:19'),
(127, 1148, '2018-11-10 06:14:32'),
(128, 1149, '2018-11-10 06:16:13'),
(129, 0, '2018-11-10 06:17:00'),
(130, 1150, '2018-11-10 06:18:30'),
(131, 1151, '2018-11-10 06:18:53'),
(132, 1152, '2018-11-10 06:19:31'),
(133, 0, '2018-11-10 06:19:43'),
(134, 1111, '2018-11-10 06:20:10'),
(135, 1153, '2018-11-10 06:20:10'),
(136, 1154, '2018-11-10 06:20:44'),
(137, 1155, '2018-11-10 06:21:25'),
(138, 0, '2018-11-10 06:22:07'),
(139, 1156, '2018-11-10 06:22:39'),
(140, 1157, '2018-11-10 06:22:45'),
(141, 0, '2018-11-10 06:22:55'),
(142, 1158, '2018-11-10 06:23:40'),
(143, 1159, '2018-11-10 06:24:14'),
(144, 1160, '2018-11-10 06:25:50'),
(145, 1161, '2018-11-10 06:26:03'),
(146, 1162, '2018-11-10 06:26:22'),
(147, 1163, '2018-11-10 06:26:29'),
(148, 1164, '2018-11-10 06:26:46'),
(149, 1165, '2018-11-10 06:26:56'),
(150, 1166, '2018-11-10 06:27:11'),
(151, 1167, '2018-11-10 06:28:53'),
(152, 1168, '2018-11-10 06:29:15'),
(153, 1171, '2018-11-10 06:29:56'),
(154, 1111, '2018-11-10 06:30:08'),
(155, 1172, '2018-11-10 06:30:44'),
(156, 1173, '2018-11-10 06:31:31'),
(157, 1174, '2018-11-10 06:32:06'),
(158, 1175, '2018-11-10 06:32:08'),
(159, 1176, '2018-11-10 06:33:23'),
(160, 1177, '2018-11-10 06:34:26'),
(161, 1178, '2018-11-10 06:35:19'),
(162, 1179, '2018-11-10 06:36:15'),
(163, 1180, '2018-11-10 06:36:38'),
(164, 1111, '2018-11-10 06:37:48'),
(165, 1181, '2018-11-10 06:38:17'),
(166, 1182, '2018-11-10 06:40:29'),
(167, 1183, '2018-11-10 06:41:12'),
(168, 1184, '2018-11-10 06:41:20'),
(169, 1185, '2018-11-10 06:41:22'),
(170, 1186, '2018-11-10 06:43:10'),
(171, 1111, '2018-11-10 06:43:31'),
(172, 1111, '2018-11-10 06:43:48'),
(173, 1111, '2018-11-10 06:44:10'),
(174, 1111, '2018-11-10 06:44:31'),
(175, 1111, '2018-11-10 06:45:02'),
(176, 1187, '2018-11-10 06:45:07'),
(177, 1111, '2018-11-10 06:45:44'),
(178, 1111, '2018-11-10 06:46:25'),
(179, 1111, '2018-11-10 06:47:45'),
(180, 1188, '2018-11-10 06:48:14'),
(181, 1111, '2018-11-10 06:51:09'),
(182, 1189, '2018-11-10 06:51:36'),
(183, 1111, '2018-11-10 06:52:08'),
(184, 1190, '2018-11-10 06:55:42'),
(185, 1191, '2018-11-10 06:58:49'),
(186, 1192, '2018-11-10 06:59:40'),
(187, 1193, '2018-11-10 07:01:43'),
(188, 1194, '2018-11-10 07:02:40'),
(189, 1195, '2018-11-10 07:02:47'),
(190, 1196, '2018-11-10 07:03:25'),
(191, 1197, '2018-11-10 07:04:49'),
(192, 1198, '2018-11-10 07:04:55'),
(193, 1199, '2018-11-10 07:05:17'),
(194, 1200, '2018-11-10 07:06:01'),
(195, 1201, '2018-11-10 07:06:13'),
(196, 1202, '2018-11-10 07:06:42'),
(197, 1203, '2018-11-10 07:07:30'),
(198, 1204, '2018-11-10 07:10:48'),
(199, 1205, '2018-11-10 07:11:09'),
(200, 1206, '2018-11-10 07:11:46'),
(201, 1207, '2018-11-10 07:12:44'),
(202, 1208, '2018-11-10 07:13:15'),
(203, 1209, '2018-11-10 07:13:27'),
(204, 1210, '2018-11-10 07:13:33'),
(205, 1211, '2018-11-10 07:20:08'),
(206, 1212, '2018-11-10 07:20:20'),
(207, 1213, '2018-11-10 07:21:16'),
(208, 1214, '2018-11-10 07:21:44'),
(209, 1215, '2018-11-10 07:22:35'),
(210, 1216, '2018-11-10 07:23:08'),
(211, 1217, '2018-11-10 07:23:23'),
(212, 1218, '2018-11-10 07:23:46'),
(213, 1219, '2018-11-10 07:24:01'),
(214, 1220, '2018-11-10 07:24:09'),
(215, 1221, '2018-11-10 07:24:57'),
(216, 1111, '2018-11-10 07:25:07'),
(217, 1222, '2018-11-10 07:25:44'),
(218, 1223, '2018-11-10 07:26:03'),
(219, 1224, '2018-11-10 07:26:28'),
(220, 1225, '2018-11-10 07:26:44'),
(221, 1226, '2018-11-10 07:26:57'),
(222, 1227, '2018-11-10 07:27:07'),
(223, 1111, '2018-11-10 07:27:14'),
(224, 1228, '2018-11-10 07:28:34'),
(225, 1111, '2018-11-10 07:28:47'),
(226, 1229, '2018-11-10 07:29:15'),
(227, 1230, '2018-11-10 07:29:29'),
(228, 1231, '2018-11-10 07:31:27'),
(229, 1111, '2018-11-10 07:32:15'),
(230, 1111, '2018-11-10 07:32:57'),
(231, 1111, '2018-11-10 07:34:14'),
(232, 1111, '2018-11-10 07:35:46'),
(233, 1232, '2018-11-10 07:36:07'),
(234, 1111, '2018-11-10 07:36:23'),
(235, 1111, '2018-11-10 07:37:06'),
(236, 1111, '2018-11-10 07:37:10'),
(237, 1233, '2018-11-10 07:37:30'),
(238, 1234, '2018-11-10 07:38:03'),
(239, 1111, '2018-11-10 07:38:30'),
(240, 1111, '2018-11-10 07:39:31'),
(241, 1111, '2018-11-10 07:39:31'),
(242, 1111, '2018-11-10 07:39:36'),
(243, 1111, '2018-11-10 07:39:43'),
(244, 1111, '2018-11-10 07:39:47'),
(245, 1111, '2018-11-10 07:41:12'),
(246, 1235, '2018-11-10 07:41:14'),
(247, 1111, '2018-11-10 07:41:23'),
(248, 1111, '2018-11-10 07:41:27'),
(249, 1111, '2018-11-10 07:41:32'),
(250, 1236, '2018-11-10 07:43:26'),
(251, 1111, '2018-11-10 07:44:18'),
(252, 1237, '2018-11-10 07:49:07'),
(253, 1238, '2018-11-10 07:49:45'),
(254, 1239, '2018-11-10 07:54:32'),
(255, 1240, '2018-11-10 07:58:04'),
(256, 1241, '2018-11-10 07:59:23'),
(257, 1242, '2018-11-10 07:59:36'),
(258, 1243, '2018-11-10 07:59:39'),
(259, 1244, '2018-11-10 07:59:50'),
(260, 1245, '2018-11-10 08:00:48'),
(261, 1246, '2018-11-10 08:00:56'),
(262, 1247, '2018-11-10 08:01:13'),
(263, 0, '2018-11-10 08:09:03'),
(264, 0, '2018-11-10 08:09:16'),
(265, 1248, '2018-11-10 08:09:49'),
(266, 1249, '2018-11-10 08:09:58'),
(267, 0, '2018-11-10 08:10:14'),
(268, 0, '2018-11-10 08:11:15'),
(269, 0, '2018-11-10 08:11:53'),
(270, 0, '2018-11-10 08:12:23'),
(271, 1250, '2018-11-10 08:13:58'),
(272, 1251, '2018-11-10 08:14:21'),
(273, 0, '2018-11-10 08:14:32'),
(274, 1252, '2018-11-10 08:14:52'),
(275, 1253, '2018-11-10 08:15:38'),
(276, 1254, '2018-11-10 08:15:46'),
(277, 1255, '2018-11-10 08:15:53'),
(278, 1256, '2018-11-10 08:16:49'),
(279, 0, '2018-11-10 08:17:09'),
(280, 1257, '2018-11-10 08:17:12'),
(281, 1258, '2018-11-10 08:17:23'),
(282, 0, '2018-11-10 08:17:26'),
(283, 1259, '2018-11-10 08:17:27'),
(284, 1260, '2018-11-10 08:17:38'),
(285, 0, '2018-11-10 08:18:02'),
(286, 1261, '2018-11-10 08:18:11'),
(287, 1262, '2018-11-10 08:18:18'),
(288, 1263, '2018-11-10 08:18:25'),
(289, 1264, '2018-11-10 08:18:29'),
(290, 0, '2018-11-10 08:18:35'),
(291, 1265, '2018-11-10 08:19:01'),
(292, 1266, '2018-11-10 08:19:39'),
(293, 1267, '2018-11-10 08:20:05'),
(294, 1268, '2018-11-10 08:20:10'),
(295, 59, '2018-11-10 08:21:03'),
(296, 1112, '2018-11-10 08:24:02'),
(297, 1269, '2018-11-10 08:25:20'),
(298, 1270, '2018-11-10 08:28:12'),
(299, 1271, '2018-11-10 08:28:41'),
(300, 1272, '2018-11-10 08:28:55'),
(301, 1273, '2018-11-10 08:30:39'),
(302, 1274, '2018-11-10 08:42:20'),
(303, 1275, '2018-11-10 08:43:30'),
(304, 1112, '2018-11-10 08:46:42'),
(305, 1112, '2018-11-10 08:51:02'),
(306, 1112, '2018-11-10 08:52:52'),
(307, 1276, '2018-11-10 08:53:30'),
(308, 1277, '2018-11-10 08:53:37'),
(309, 1278, '2018-11-10 08:54:37'),
(310, 1279, '2018-11-10 08:54:52'),
(311, 1280, '2018-11-10 08:55:20'),
(312, 1281, '2018-11-10 08:56:15'),
(313, 1282, '2018-11-10 08:56:45'),
(314, 1283, '2018-11-10 08:57:07'),
(315, 1284, '2018-11-10 08:57:30'),
(316, 1285, '2018-11-10 08:57:50'),
(317, 1286, '2018-11-10 08:58:45'),
(318, 1287, '2018-11-10 08:59:00'),
(319, 1288, '2018-11-10 08:59:21'),
(320, 1289, '2018-11-10 08:59:29'),
(321, 1112, '2018-11-10 09:05:36'),
(322, 1112, '2018-11-10 09:08:48'),
(323, 1112, '2018-11-10 09:09:59');

-- --------------------------------------------------------

--
-- Table structure for table `users`
--

CREATE TABLE `users` (
  `UserId` int(11) NOT NULL,
  `Nickname` varchar(20) NOT NULL,
  `Username` varchar(20) NOT NULL,
  `Password` varchar(20) NOT NULL,
  `Age` int(11) NOT NULL,
  `Email` varchar(20) NOT NULL,
  `CreationTime` datetime NOT NULL
) ENGINE=InnoDB DEFAULT CHARSET=latin1;

--
-- Dumping data for table `users`
--

INSERT INTO `users` (`UserId`, `Nickname`, `Username`, `Password`, `Age`, `Email`, `CreationTime`) VALUES
(1, 'Test', 'Test', 'Test', 0, 'Test', '2018-11-10 00:55:38'),
(2, 'guest', 'guest', '', 0, '', '2018-11-10 02:04:52'),
(3, 'guest', 'guest', '', 0, '', '2018-11-10 02:28:57'),
(4, 'guest', 'guest', '', 0, '', '2018-11-10 02:31:12'),
(5, 'guest', 'guest', '', 0, '', '2018-11-10 02:31:16'),
(6, 'guest', 'guest', '', 0, '', '2018-11-10 02:31:31'),
(7, 'guest', 'guest', '', 0, '', '2018-11-10 02:32:14'),
(8, 'guest', 'guest', '', 0, '', '2018-11-10 02:32:22'),
(9, 'guest', 'guest', '', 0, '', '2018-11-10 02:32:24'),
(10, 'guest', 'guest', '', 0, '', '2018-11-10 02:32:24'),
(11, 'guest', 'guest', '', 0, '', '2018-11-10 02:32:24'),
(12, 'guest', 'guest', '', 0, '', '2018-11-10 02:32:25'),
(13, 'guest', 'guest', '', 0, '', '2018-11-10 02:33:05'),
(14, 'guest', 'guest', '', 0, '', '2018-11-10 02:39:23'),
(15, 'guest', 'guest', '', 0, '', '2018-11-10 02:40:31'),
(16, 'guest', 'guest', '', 0, '', '2018-11-10 02:41:02'),
(17, 'guest', 'guest', '', 0, '', '2018-11-10 02:41:19'),
(18, 'guest', 'guest', '', 0, '', '2018-11-10 02:41:31'),
(19, 'guest', 'guest', '', 0, '', '2018-11-10 02:42:21'),
(20, 'guest', 'guest', '', 0, '', '2018-11-10 02:43:00'),
(21, 'guest', 'guest', '', 0, '', '2018-11-10 02:43:14'),
(22, 'guest', 'guest', '', 0, '', '2018-11-10 02:46:51'),
(23, 'guest', 'guest', '', 0, '', '2018-11-10 02:49:25'),
(24, 'guest', 'guest', '', 0, '', '2018-11-10 02:51:20'),
(25, 'guest', 'guest', '', 0, '', '2018-11-10 02:53:46'),
(26, 'guest', 'guest', '', 0, '', '2018-11-10 02:53:49'),
(27, 'guest', 'guest', '', 0, '', '2018-11-10 02:54:25'),
(28, 'guest', 'guest', '', 0, '', '2018-11-10 02:55:16'),
(29, 'guest', 'guest', '', 0, '', '2018-11-10 02:55:49'),
(30, 'guest', 'guest', '', 0, '', '2018-11-10 02:56:43'),
(31, 'guest', 'guest', '', 0, '', '2018-11-10 02:59:48'),
(32, 'guest', 'guest', '', 0, '', '2018-11-10 03:02:31'),
(33, 'guest', 'guest', '', 0, '', '2018-11-10 03:04:19'),
(34, 'guest', 'guest', '', 0, '', '2018-11-10 03:06:07'),
(35, 'guest', 'guest', '', 0, '', '2018-11-10 03:07:26'),
(36, 'guest', 'guest', '', 0, '', '2018-11-10 03:07:52'),
(37, 'guest', 'guest', '', 0, '', '2018-11-10 03:07:52'),
(38, 'guest', 'guest', '', 0, '', '2018-11-10 03:10:12'),
(39, 'guest', 'guest', '', 0, '', '2018-11-10 03:10:31'),
(40, 'guest', 'guest', '', 0, '', '2018-11-10 03:12:35'),
(41, 'guest', 'guest', '', 0, '', '2018-11-10 03:15:24'),
(42, 'guest', 'guest', '', 0, '', '2018-11-10 03:16:48'),
(43, 'guest', 'guest', '', 0, '', '2018-11-10 03:17:02'),
(44, 'guest', 'guest', '', 0, '', '2018-11-10 03:19:28'),
(45, 'guest', 'guest', '', 0, '', '2018-11-10 03:20:26'),
(46, 'guest', 'guest', '', 0, '', '2018-11-10 03:20:43'),
(47, 'guest', 'guest', '', 0, '', '2018-11-10 03:24:48'),
(48, 'guest', 'guest', '', 0, '', '2018-11-10 03:25:12'),
(49, 'guest', 'guest', '', 0, '', '2018-11-10 03:25:21'),
(50, 'guest', 'guest', '', 0, '', '2018-11-10 03:27:28'),
(51, 'guest', 'guest', '', 0, '', '2018-11-10 03:31:15'),
(52, 'guest', 'guest', '', 0, '', '2018-11-10 03:34:09'),
(53, 'guest', 'guest', '', 0, '', '2018-11-10 03:34:24'),
(54, 'guest', 'guest', '', 0, '', '2018-11-10 03:34:59'),
(55, 'guest', 'guest', '', 0, '', '2018-11-10 03:41:14'),
(56, 'guest', 'guest', '', 0, '', '2018-11-10 03:41:53'),
(57, 'guest', 'guest', '', 0, '', '2018-11-10 03:42:33'),
(58, 'guest', 'guest', '', 0, '', '2018-11-10 03:42:34'),
(59, 'guest', 'guest', '', 0, '', '2018-11-10 03:43:40'),
(60, 'guest', 'guest', '', 0, '', '2018-11-10 03:43:53'),
(61, 'guest', 'guest', '', 0, '', '2018-11-10 03:54:39'),
(1111, 'gabe', 'gabriel', 'passwordy', 22, 'rat.gab@moc.com', '2018-11-10 02:04:52'),
(1112, 'guest', 'guest', '', 0, '', '2018-11-10 04:07:25'),
(1113, 'guest', 'guest', '', 0, '', '2018-11-10 04:09:35'),
(1114, 'guest', 'guest', '', 0, '', '2018-11-10 04:49:44'),
(1115, 'guest', 'guest', '', 0, '', '2018-11-10 04:49:50'),
(1116, 'guest', 'guest', 'empty', 20, 'guest@mail.com', '2018-11-10 05:54:44'),
(1117, 'guest', 'guest', 'empty', 20, 'guest@mail.com', '2018-11-10 05:56:09'),
(1118, 'guest', 'guest', 'empty', 20, 'guest@mail.com', '2018-11-10 05:56:36'),
(1119, 'guest', 'guest', 'empty', 20, 'guest@mail.com', '2018-11-10 05:57:07'),
(1120, 'guest', 'guest', 'empty', 20, 'guest@mail.com', '2018-11-10 05:59:20'),
(1121, 'guest', 'guest', 'empty', 20, 'guest@mail.com', '2018-11-10 05:59:25'),
(1122, 'guest', 'guest', 'empty', 20, 'guest@mail.com', '2018-11-10 05:59:38'),
(1123, 'guest', 'guest', 'empty', 20, 'guest@mail.com', '2018-11-10 05:59:51'),
(1124, 'guest', 'guest', 'empty', 20, 'guest@mail.com', '2018-11-10 05:59:56'),
(1125, 'guest', 'guest', 'empty', 20, 'guest@mail.com', '2018-11-10 06:02:02'),
(1126, 'guest', 'guest', 'empty', 20, 'guest@mail.com', '2018-11-10 06:02:40'),
(1127, 'guest', 'guest', 'empty', 20, 'guest@mail.com', '2018-11-10 06:03:08'),
(1128, 'guest', 'guest', 'empty', 20, 'guest@mail.com', '2018-11-10 06:03:23'),
(1129, 'guest', 'guest', 'empty', 20, 'guest@mail.com', '2018-11-10 06:04:11'),
(1130, 'guest', 'guest', 'empty', 20, 'guest@mail.com', '2018-11-10 06:04:19'),
(1131, 'guest', 'guest', 'empty', 20, 'guest@mail.com', '2018-11-10 06:04:21'),
(1132, 'guest', 'guest', 'empty', 20, 'guest@mail.com', '2018-11-10 06:04:27'),
(1133, 'guest', 'guest', 'empty', 20, 'guest@mail.com', '2018-11-10 06:05:21'),
(1134, 'guest', 'guest', 'empty', 20, 'guest@mail.com', '2018-11-10 06:07:27'),
(1135, 'guest', 'guest', 'empty', 20, 'guest@mail.com', '2018-11-10 06:07:39'),
(1136, 'guest', 'guest', 'empty', 20, 'guest@mail.com', '2018-11-10 06:07:51'),
(1137, 'guest', 'guest', 'empty', 20, 'guest@mail.com', '2018-11-10 06:09:14'),
(1138, 'guest', 'guest', 'empty', 20, 'guest@mail.com', '2018-11-10 06:09:59'),
(1139, 'guest', 'guest', 'empty', 20, 'guest@mail.com', '2018-11-10 06:10:05'),
(1140, 'guest', 'guest', 'empty', 20, 'guest@mail.com', '2018-11-10 06:10:37'),
(1141, 'guest', 'guest', 'empty', 20, 'guest@mail.com', '2018-11-10 06:11:48'),
(1142, 'guest', 'guest', 'empty', 20, 'guest@mail.com', '2018-11-10 06:11:53'),
(1143, 'guest', 'guest', '', 0, '', '2018-11-10 06:12:05'),
(1144, 'guest', 'guest', 'empty', 20, 'guest@mail.com', '2018-11-10 06:12:49'),
(1145, 'guest', 'guest', 'empty', 20, 'guest@mail.com', '2018-11-10 06:13:34'),
(1146, 'guest', 'guest', 'empty', 20, 'guest@mail.com', '2018-11-10 06:13:56'),
(1147, 'guest', 'guest', '', 0, '', '2018-11-10 06:14:19'),
(1148, 'guest', 'guest', 'empty', 20, 'guest@mail.com', '2018-11-10 06:14:32'),
(1149, 'guest', 'guest', 'empty', 20, 'guest@mail.com', '2018-11-10 06:16:13'),
(1150, 'guest', 'guest', 'empty', 20, 'guest@mail.com', '2018-11-10 06:18:30'),
(1151, 'guest', 'guest', 'empty', 20, 'guest@mail.com', '2018-11-10 06:18:53'),
(1152, 'guest', 'guest', 'empty', 20, 'guest@mail.com', '2018-11-10 06:19:31'),
(1153, 'guest', 'guest', 'empty', 20, 'guest@mail.com', '2018-11-10 06:20:10'),
(1154, 'guest', 'guest', 'empty', 20, 'guest@mail.com', '2018-11-10 06:20:44'),
(1155, 'guest', 'guest', 'empty', 20, 'guest@mail.com', '2018-11-10 06:21:25'),
(1156, 'guest', 'guest', 'empty', 20, 'guest@mail.com', '2018-11-10 06:22:39'),
(1157, 'guest', 'guest', 'empty', 20, 'guest@mail.com', '2018-11-10 06:22:45'),
(1158, 'guest', 'guest', 'empty', 20, 'guest@mail.com', '2018-11-10 06:23:39'),
(1159, 'guest', 'guest', 'empty', 20, 'guest@mail.com', '2018-11-10 06:24:14'),
(1160, 'guest', 'guest', 'empty', 20, 'guest@mail.com', '2018-11-10 06:25:50'),
(1161, 'guest', 'guest', 'empty', 20, 'guest@mail.com', '2018-11-10 06:26:03'),
(1162, 'guest', 'guest', 'empty', 20, 'guest@mail.com', '2018-11-10 06:26:22'),
(1163, 'guest', 'guest', 'empty', 20, 'guest@mail.com', '2018-11-10 06:26:28'),
(1164, 'guest', 'guest', 'empty', 20, 'guest@mail.com', '2018-11-10 06:26:46'),
(1165, 'guest', 'guest', 'empty', 20, 'guest@mail.com', '2018-11-10 06:26:56'),
(1166, 'guest', 'guest', 'empty', 20, 'guest@mail.com', '2018-11-10 06:27:11'),
(1167, 'guest', 'guest', 'empty', 20, 'guest@mail.com', '2018-11-10 06:28:52'),
(1168, 'guest', 'guest', 'empty', 20, 'guest@mail.com', '2018-11-10 06:29:15'),
(1169, 'guest', 'guest', 'empty', 20, 'guest@mail.com', '2018-11-10 06:29:29'),
(1170, 'guest', 'guest', 'empty', 20, 'guest@mail.com', '2018-11-10 06:29:48'),
(1171, 'guest', 'guest', 'empty', 20, 'guest@mail.com', '2018-11-10 06:29:56'),
(1172, 'guest', 'guest', 'empty', 20, 'guest@mail.com', '2018-11-10 06:30:44'),
(1173, 'guest', 'guest', 'empty', 20, 'guest@mail.com', '2018-11-10 06:31:31'),
(1174, 'guest', 'guest', 'empty', 20, 'guest@mail.com', '2018-11-10 06:32:06'),
(1175, 'guest', 'guest', 'empty', 20, 'guest@mail.com', '2018-11-10 06:32:08'),
(1176, 'guest', 'guest', 'empty', 20, 'guest@mail.com', '2018-11-10 06:33:23'),
(1177, 'guest', 'guest', 'empty', 20, 'guest@mail.com', '2018-11-10 06:34:26'),
(1178, 'guest', 'guest', 'empty', 20, 'guest@mail.com', '2018-11-10 06:35:19'),
(1179, 'guest', 'guest', 'empty', 20, 'guest@mail.com', '2018-11-10 06:36:14'),
(1180, 'guest', 'guest', 'empty', 20, 'guest@mail.com', '2018-11-10 06:36:38'),
(1181, 'guest', 'guest', 'empty', 20, 'guest@mail.com', '2018-11-10 06:38:17'),
(1182, 'guest', 'guest', 'empty', 20, 'guest@mail.com', '2018-11-10 06:40:29'),
(1183, 'guest', 'guest', 'empty', 20, 'guest@mail.com', '2018-11-10 06:41:12'),
(1184, 'guest', 'guest', 'empty', 20, 'guest@mail.com', '2018-11-10 06:41:20'),
(1185, 'guest', 'guest', 'empty', 20, 'guest@mail.com', '2018-11-10 06:41:22'),
(1186, 'guest', 'guest', 'empty', 20, 'guest@mail.com', '2018-11-10 06:43:10'),
(1187, 'guest', 'guest', '', 0, '', '2018-11-10 06:45:06'),
(1188, 'guest', 'guest', '', 0, '', '2018-11-10 06:48:13'),
(1189, 'guest', 'guest', '', 0, '', '2018-11-10 06:51:36'),
(1190, 'guest', 'guest', 'empty', 20, 'guest@mail.com', '2018-11-10 06:55:42'),
(1191, 'guest', 'guest', 'empty', 20, 'guest@mail.com', '2018-11-10 06:58:49'),
(1192, 'guest', 'guest', 'empty', 20, 'guest@mail.com', '2018-11-10 06:59:40'),
(1193, 'guest', 'guest', 'empty', 20, 'guest@mail.com', '2018-11-10 07:01:43'),
(1194, 'guest', 'guest', 'empty', 20, 'guest@mail.com', '2018-11-10 07:02:40'),
(1195, 'guest', 'guest', 'empty', 20, 'guest@mail.com', '2018-11-10 07:02:47'),
(1196, 'guest', 'guest', 'empty', 20, 'guest@mail.com', '2018-11-10 07:03:25'),
(1197, 'guest', 'guest', 'empty', 20, 'guest@mail.com', '2018-11-10 07:04:49'),
(1198, 'guest', 'guest', 'empty', 20, 'guest@mail.com', '2018-11-10 07:04:55'),
(1199, 'guest', 'guest', 'empty', 20, 'guest@mail.com', '2018-11-10 07:05:17'),
(1200, 'guest', 'guest', 'empty', 20, 'guest@mail.com', '2018-11-10 07:06:01'),
(1201, 'guest', 'guest', 'empty', 20, 'guest@mail.com', '2018-11-10 07:06:13'),
(1202, 'guest', 'guest', 'empty', 20, 'guest@mail.com', '2018-11-10 07:06:41'),
(1203, 'guest', 'guest', 'empty', 20, 'guest@mail.com', '2018-11-10 07:07:30'),
(1204, 'guest', 'guest', 'empty', 20, 'guest@mail.com', '2018-11-10 07:10:48'),
(1205, 'guest', 'guest', 'empty', 20, 'guest@mail.com', '2018-11-10 07:11:09'),
(1206, 'guest', 'guest', 'empty', 20, 'guest@mail.com', '2018-11-10 07:11:46'),
(1207, 'guest', 'guest', 'empty', 20, 'guest@mail.com', '2018-11-10 07:12:44'),
(1208, 'guest', 'guest', 'empty', 20, 'guest@mail.com', '2018-11-10 07:13:15'),
(1209, 'guest', 'guest', 'empty', 20, 'guest@mail.com', '2018-11-10 07:13:27'),
(1210, 'guest', 'guest', 'empty', 20, 'guest@mail.com', '2018-11-10 07:13:33'),
(1211, 'guest', 'guest', '', 0, '', '2018-11-10 07:20:08'),
(1212, 'guest', 'guest', '', 0, '', '2018-11-10 07:20:20'),
(1213, 'guest', 'guest', 'empty', 20, 'guest@mail.com', '2018-11-10 07:21:16'),
(1214, 'guest', 'guest', 'empty', 20, 'guest@mail.com', '2018-11-10 07:21:44'),
(1215, 'guest', 'guest', 'empty', 20, 'guest@mail.com', '2018-11-10 07:22:35'),
(1216, 'guest', 'guest', 'empty', 20, 'guest@mail.com', '2018-11-10 07:23:08'),
(1217, 'guest', 'guest', 'empty', 20, 'guest@mail.com', '2018-11-10 07:23:23'),
(1218, 'guest', 'guest', 'empty', 20, 'guest@mail.com', '2018-11-10 07:23:46'),
(1219, 'guest', 'guest', 'empty', 20, 'guest@mail.com', '2018-11-10 07:24:01'),
(1220, 'guest', 'guest', 'empty', 20, 'guest@mail.com', '2018-11-10 07:24:09'),
(1221, 'guest', 'guest', 'empty', 20, 'guest@mail.com', '2018-11-10 07:24:57'),
(1222, 'guest', 'guest', 'empty', 20, 'guest@mail.com', '2018-11-10 07:25:44'),
(1223, 'guest', 'guest', 'empty', 20, 'guest@mail.com', '2018-11-10 07:26:03'),
(1224, 'guest', 'guest', 'empty', 20, 'guest@mail.com', '2018-11-10 07:26:28'),
(1225, 'guest', 'guest', 'empty', 20, 'guest@mail.com', '2018-11-10 07:26:44'),
(1226, 'guest', 'guest', 'empty', 20, 'guest@mail.com', '2018-11-10 07:26:56'),
(1227, 'guest', 'guest', 'empty', 20, 'guest@mail.com', '2018-11-10 07:27:07'),
(1228, 'guest', 'guest', 'empty', 20, 'guest@mail.com', '2018-11-10 07:28:34'),
(1229, 'guest', 'guest', 'empty', 20, 'guest@mail.com', '2018-11-10 07:29:14'),
(1230, 'guest', 'guest', 'empty', 20, 'guest@mail.com', '2018-11-10 07:29:29'),
(1231, 'guest', 'guest', 'empty', 20, 'guest@mail.com', '2018-11-10 07:31:27'),
(1232, 'guest', 'guest', 'empty', 20, 'guest@mail.com', '2018-11-10 07:36:07'),
(1233, 'guest', 'guest', 'empty', 20, 'guest@mail.com', '2018-11-10 07:37:30'),
(1234, 'guest', 'guest', 'empty', 20, 'guest@mail.com', '2018-11-10 07:38:02'),
(1235, 'guest', 'guest', 'empty', 20, 'guest@mail.com', '2018-11-10 07:41:14'),
(1236, 'guest', 'guest', 'empty', 20, 'guest@mail.com', '2018-11-10 07:43:26'),
(1237, 'guest', 'guest', 'empty', 20, 'guest@mail.com', '2018-11-10 07:49:07'),
(1238, 'guest', 'guest', 'empty', 20, 'guest@mail.com', '2018-11-10 07:49:45'),
(1239, 'guest', 'guest', 'empty', 20, 'guest@mail.com', '2018-11-10 07:54:31'),
(1240, 'guest', 'guest', 'empty', 20, 'guest@mail.com', '2018-11-10 07:58:04'),
(1241, 'guest', 'guest', 'empty', 20, 'guest@mail.com', '2018-11-10 07:59:23'),
(1242, 'guest', 'guest', 'empty', 20, 'guest@mail.com', '2018-11-10 07:59:36'),
(1243, 'guest', 'guest', 'empty', 20, 'guest@mail.com', '2018-11-10 07:59:39'),
(1244, 'guest', 'guest', 'empty', 20, 'guest@mail.com', '2018-11-10 07:59:49'),
(1245, 'guest', 'guest', 'empty', 20, 'guest@mail.com', '2018-11-10 08:00:48'),
(1246, 'guest', 'guest', 'empty', 20, 'guest@mail.com', '2018-11-10 08:00:56'),
(1247, 'guest', 'guest', 'empty', 20, 'guest@mail.com', '2018-11-10 08:01:13'),
(1248, 'guest', 'guest', 'empty', 20, 'guest@mail.com', '2018-11-10 08:09:49'),
(1249, 'guest', 'guest', 'empty', 20, 'guest@mail.com', '2018-11-10 08:09:58'),
(1250, 'guest', 'guest', 'empty', 20, 'guest@mail.com', '2018-11-10 08:13:58'),
(1251, 'guest', 'guest', 'empty', 20, 'guest@mail.com', '2018-11-10 08:14:21'),
(1252, 'guest', 'guest', 'empty', 20, 'guest@mail.com', '2018-11-10 08:14:52'),
(1253, 'guest', 'guest', 'empty', 20, 'guest@mail.com', '2018-11-10 08:15:38'),
(1254, 'guest', 'guest', 'empty', 20, 'guest@mail.com', '2018-11-10 08:15:46'),
(1255, 'guest', 'guest', 'empty', 20, 'guest@mail.com', '2018-11-10 08:15:53'),
(1256, 'guest', 'guest', 'empty', 20, 'guest@mail.com', '2018-11-10 08:16:48'),
(1257, 'guest', 'guest', 'empty', 20, 'guest@mail.com', '2018-11-10 08:17:11'),
(1258, 'guest', 'guest', 'empty', 20, 'guest@mail.com', '2018-11-10 08:17:23'),
(1259, 'guest', 'guest', 'empty', 20, 'guest@mail.com', '2018-11-10 08:17:27'),
(1260, 'guest', 'guest', 'empty', 20, 'guest@mail.com', '2018-11-10 08:17:38'),
(1261, 'guest', 'guest', 'empty', 20, 'guest@mail.com', '2018-11-10 08:18:10'),
(1262, 'guest', 'guest', 'empty', 20, 'guest@mail.com', '2018-11-10 08:18:17'),
(1263, 'guest', 'guest', 'empty', 20, 'guest@mail.com', '2018-11-10 08:18:24'),
(1264, 'guest', 'guest', 'empty', 20, 'guest@mail.com', '2018-11-10 08:18:29'),
(1265, 'guest', 'guest', 'empty', 20, 'guest@mail.com', '2018-11-10 08:19:01'),
(1266, 'guest', 'guest', 'empty', 20, 'guest@mail.com', '2018-11-10 08:19:38'),
(1267, 'guest', 'guest', 'empty', 20, 'guest@mail.com', '2018-11-10 08:20:04'),
(1268, 'guest', 'guest', 'empty', 20, 'guest@mail.com', '2018-11-10 08:20:10'),
(1269, 'guest', 'guest', 'empty', 20, 'guest@mail.com', '2018-11-10 08:25:20'),
(1270, 'guest', 'guest', 'empty', 20, 'guest@mail.com', '2018-11-10 08:28:12'),
(1271, 'guest', 'guest', 'empty', 20, 'guest@mail.com', '2018-11-10 08:28:41'),
(1272, 'guest', 'guest', 'empty', 20, 'guest@mail.com', '2018-11-10 08:28:55'),
(1273, 'guest', 'guest', 'empty', 20, 'guest@mail.com', '2018-11-10 08:30:39'),
(1274, 'guest', 'guest', 'empty', 20, 'guest@mail.com', '2018-11-10 08:42:20'),
(1275, 'guest', 'guest', 'empty', 20, 'guest@mail.com', '2018-11-10 08:43:30'),
(1276, 'guest', 'guest', 'empty', 20, 'guest@mail.com', '2018-11-10 08:53:29'),
(1277, 'guest', 'guest', 'empty', 20, 'guest@mail.com', '2018-11-10 08:53:37'),
(1278, 'guest', 'guest', 'empty', 20, 'guest@mail.com', '2018-11-10 08:54:37'),
(1279, 'guest', 'guest', 'empty', 20, 'guest@mail.com', '2018-11-10 08:54:52'),
(1280, 'guest', 'guest', 'empty', 20, 'guest@mail.com', '2018-11-10 08:55:19'),
(1281, 'guest', 'guest', 'empty', 20, 'guest@mail.com', '2018-11-10 08:56:14'),
(1282, 'guest', 'guest', 'empty', 20, 'guest@mail.com', '2018-11-10 08:56:45'),
(1283, 'guest', 'guest', 'empty', 20, 'guest@mail.com', '2018-11-10 08:57:07'),
(1284, 'guest', 'guest', 'empty', 20, 'guest@mail.com', '2018-11-10 08:57:30'),
(1285, 'guest', 'guest', 'empty', 20, 'guest@mail.com', '2018-11-10 08:57:50'),
(1286, 'guest', 'guest', 'empty', 20, 'guest@mail.com', '2018-11-10 08:58:45'),
(1287, 'guest', 'guest', 'empty', 20, 'guest@mail.com', '2018-11-10 08:59:00'),
(1288, 'guest', 'guest', 'empty', 20, 'guest@mail.com', '2018-11-10 08:59:21'),
(1289, 'guest', 'guest', 'empty', 20, 'guest@mail.com', '2018-11-10 08:59:29');

--
-- Indexes for dumped tables
--

--
-- Indexes for table `feedback`
--
ALTER TABLE `feedback`
  ADD PRIMARY KEY (`FeedbackId`);

--
-- Indexes for table `keywords`
--
ALTER TABLE `keywords`
  ADD PRIMARY KEY (`KeywordId`);

--
-- Indexes for table `messages`
--
ALTER TABLE `messages`
  ADD PRIMARY KEY (`MessageId`);

--
-- Indexes for table `moderaters`
--
ALTER TABLE `moderaters`
  ADD PRIMARY KEY (`ModeraterId`);

--
-- Indexes for table `notifications`
--
ALTER TABLE `notifications`
  ADD PRIMARY KEY (`NotificationId`);

--
-- Indexes for table `responses`
--
ALTER TABLE `responses`
  ADD PRIMARY KEY (`ResponseId`);

--
-- Indexes for table `sessions`
--
ALTER TABLE `sessions`
  ADD PRIMARY KEY (`SessionId`);

--
-- Indexes for table `users`
--
ALTER TABLE `users`
  ADD PRIMARY KEY (`UserId`);

--
-- AUTO_INCREMENT for dumped tables
--

--
-- AUTO_INCREMENT for table `feedback`
--
ALTER TABLE `feedback`
  MODIFY `FeedbackId` int(11) NOT NULL AUTO_INCREMENT;

--
-- AUTO_INCREMENT for table `keywords`
--
ALTER TABLE `keywords`
  MODIFY `KeywordId` int(11) NOT NULL AUTO_INCREMENT, AUTO_INCREMENT=83;

--
-- AUTO_INCREMENT for table `messages`
--
ALTER TABLE `messages`
  MODIFY `MessageId` int(11) NOT NULL AUTO_INCREMENT, AUTO_INCREMENT=523;

--
-- AUTO_INCREMENT for table `moderaters`
--
ALTER TABLE `moderaters`
  MODIFY `ModeraterId` int(11) NOT NULL AUTO_INCREMENT;

--
-- AUTO_INCREMENT for table `notifications`
--
ALTER TABLE `notifications`
  MODIFY `NotificationId` int(11) NOT NULL AUTO_INCREMENT;

--
-- AUTO_INCREMENT for table `responses`
--
ALTER TABLE `responses`
  MODIFY `ResponseId` int(11) NOT NULL AUTO_INCREMENT, AUTO_INCREMENT=85;

--
-- AUTO_INCREMENT for table `sessions`
--
ALTER TABLE `sessions`
  MODIFY `SessionId` int(11) NOT NULL AUTO_INCREMENT, AUTO_INCREMENT=324;

--
-- AUTO_INCREMENT for table `users`
--
ALTER TABLE `users`
  MODIFY `UserId` int(11) NOT NULL AUTO_INCREMENT, AUTO_INCREMENT=1290;
COMMIT;

/*!40101 SET CHARACTER_SET_CLIENT=@OLD_CHARACTER_SET_CLIENT */;
/*!40101 SET CHARACTER_SET_RESULTS=@OLD_CHARACTER_SET_RESULTS */;
/*!40101 SET COLLATION_CONNECTION=@OLD_COLLATION_CONNECTION */;
